{
"type": "FeatureCollection",
"name": "BasinJics",
"style":{
    "fill":"blue",
    "stroke-weight": "3",
    "stroke-width":"3",
    "fill-opacity":"1"
},
"crs": { "type": "name", "properties": { "name": "urn:ogc:def:crs:OGC:1.3:CRS84" } },
"features": [
{ "type": "Feature", "properties": { "Name": "1", "description": null, "altitudeMode": "clampToGround", "OBJECTID_1": "1", "OBJECTID_2": "1", "FID": "0", "Shape_Leng": "3.815", "Shape_Le_1": "3.815", "Shape_Le_2": "3.815", "Field_1": "1", "Id": "16576", "gridcode": "10449" }, "geometry": { "type": "MultiPolygon", "coordinates": [ [ [ [ 125.593333331967798, 7.056250461289778 ], [ 125.594166665359396, 7.056250461289778 ], [ 125.594166665359396, 7.057083794681432 ], [ 125.594999998751007, 7.057083794681432 ], [ 125.594999998751007, 7.057917128073029 ], [ 125.5966666655343, 7.057917128073029 ], [ 125.5966666655343, 7.057083794681432 ], [ 125.5991666648098, 7.057083794681432 ], [ 125.5991666648098, 7.055417127898181 ], [ 125.601666664984705, 7.055417127898181 ], [ 125.601666664984705, 7.054583794506584 ], [ 125.602499998376302, 7.054583794506584 ], [ 125.602499998376302, 7.056250461289778 ], [ 125.604166665159497, 7.056250461289778 ], [ 125.604166665159497, 7.057917128073029 ], [ 125.604999998551193, 7.057917128073029 ], [ 125.604999998551193, 7.057083794681432 ], [ 125.605833331942804, 7.057083794681432 ], [ 125.606666665334402, 7.057083794681432 ], [ 125.606666665334402, 7.061250461639531 ], [ 125.607499998725999, 7.061250461639531 ], [ 125.607499998725999, 7.064583795206033 ], [ 125.607499998725999, 7.067083794481562 ], [ 125.606666665334402, 7.067083794481562 ], [ 125.606666665334402, 7.068750461264813 ], [ 125.604999998551193, 7.068750461264813 ], [ 125.604999998551193, 7.067917127873216 ], [ 125.602499998376302, 7.067917127873216 ], [ 125.602499998376302, 7.068750461264813 ], [ 125.601666664984705, 7.068750461264813 ], [ 125.601666664984705, 7.069583794656467 ], [ 125.600833331593094, 7.069583794656467 ], [ 125.600833331593094, 7.072083794831315 ], [ 125.601666664984705, 7.072083794831315 ], [ 125.601666664984705, 7.073750461614566 ], [ 125.600833331593094, 7.073750461614566 ], [ 125.600833331593094, 7.074583795006163 ], [ 125.5991666648098, 7.074583795006163 ], [ 125.5991666648098, 7.075417128397817 ], [ 125.597499998925898, 7.075417128397817 ], [ 125.597499998925898, 7.076250461789414 ], [ 125.5991666648098, 7.076250461789414 ], [ 125.5991666648098, 7.077083795181068 ], [ 125.601666664984705, 7.077083795181068 ], [ 125.601666664984705, 7.077917127673345 ], [ 125.602499998376302, 7.077917127673345 ], [ 125.602499998376302, 7.079583794456596 ], [ 125.603333331767899, 7.079583794456596 ], [ 125.603333331767899, 7.080417127848193 ], [ 125.604166665159497, 7.080417127848193 ], [ 125.604166665159497, 7.081250461239847 ], [ 125.603333331767899, 7.081250461239847 ], [ 125.603333331767899, 7.082917128023098 ], [ 125.602499998376302, 7.082917128023098 ], [ 125.602499998376302, 7.085417128197946 ], [ 125.604166665159497, 7.085417128197946 ], [ 125.604166665159497, 7.087917128372851 ], [ 125.604999998551193, 7.087917128372851 ], [ 125.604999998551193, 7.088750461764448 ], [ 125.605833331942804, 7.088750461764448 ], [ 125.605833331942804, 7.090417127648379 ], [ 125.606666665334402, 7.090417127648379 ], [ 125.606666665334402, 7.09208379443163 ], [ 125.607499998725999, 7.09208379443163 ], [ 125.607499998725999, 7.092917127823228 ], [ 125.608333332117695, 7.092917127823228 ], [ 125.608333332117695, 7.093750461214881 ], [ 125.609999998900904, 7.093750461214881 ], [ 125.609999998900904, 7.094583794606479 ], [ 125.610833332292501, 7.094583794606479 ], [ 125.610833332292501, 7.09625046138973 ], [ 125.612499998176403, 7.09625046138973 ], [ 125.612499998176403, 7.098750461564578 ], [ 125.613333331568001, 7.098750461564578 ], [ 125.613333331568001, 7.099583794956232 ], [ 125.614166664959697, 7.099583794956232 ], [ 125.614166664959697, 7.103750461015011 ], [ 125.614166664959697, 7.104583794406608 ], [ 125.614999998351294, 7.104583794406608 ], [ 125.614999998351294, 7.106250461189859 ], [ 125.614166664959697, 7.106250461189859 ], [ 125.614166664959697, 7.10791712797311 ], [ 125.613333331568001, 7.10791712797311 ], [ 125.613333331568001, 7.108750461364764 ], [ 125.612499998176403, 7.108750461364764 ], [ 125.612499998176403, 7.109583794756361 ], [ 125.611666664784806, 7.109583794756361 ], [ 125.611666664784806, 7.110417128148015 ], [ 125.610833332292501, 7.110417128148015 ], [ 125.610833332292501, 7.111250461539612 ], [ 125.609166665509306, 7.111250461539612 ], [ 125.609166665509306, 7.110417128148015 ], [ 125.606666665334402, 7.110417128148015 ], [ 125.606666665334402, 7.111250461539612 ], [ 125.605833331942804, 7.111250461539612 ], [ 125.605833331942804, 7.114583795106114 ], [ 125.604166665159497, 7.114583795106114 ], [ 125.604166665159497, 7.115417128497711 ], [ 125.601666664984705, 7.115417128497711 ], [ 125.601666664984705, 7.118750461164893 ], [ 125.602499998376302, 7.118750461164893 ], [ 125.602499998376302, 7.121250461339741 ], [ 125.603333331767899, 7.121250461339741 ], [ 125.603333331767899, 7.124583794906243 ], [ 125.602499998376302, 7.124583794906243 ], [ 125.602499998376302, 7.126250461689494 ], [ 125.603333331767899, 7.126250461689494 ], [ 125.603333331767899, 7.127083795081148 ], [ 125.602499998376302, 7.127083795081148 ], [ 125.602499998376302, 7.128750460965023 ], [ 125.601666664984705, 7.128750460965023 ], [ 125.601666664984705, 7.130417127748274 ], [ 125.599999998201397, 7.130417127748274 ], [ 125.599999998201397, 7.131250461139928 ], [ 125.5991666648098, 7.131250461139928 ], [ 125.5991666648098, 7.132083794531525 ], [ 125.598333331418203, 7.132083794531525 ], [ 125.598333331418203, 7.132917127923179 ], [ 125.5966666655343, 7.132917127923179 ], [ 125.5966666655343, 7.135417128098027 ], [ 125.597499998925898, 7.135417128098027 ], [ 125.597499998925898, 7.14041712844778 ], [ 125.598333331418203, 7.14041712844778 ], [ 125.598333331418203, 7.141250461839377 ], [ 125.5991666648098, 7.141250461839377 ], [ 125.5991666648098, 7.142083794331711 ], [ 125.600833331593094, 7.142083794331711 ], [ 125.600833331593094, 7.142917127723308 ], [ 125.599999998201397, 7.142917127723308 ], [ 125.599999998201397, 7.149583794856312 ], [ 125.5991666648098, 7.149583794856312 ], [ 125.5991666648098, 7.150417128247909 ], [ 125.598333331418203, 7.150417128247909 ], [ 125.598333331418203, 7.151250461639563 ], [ 125.5991666648098, 7.151250461639563 ], [ 125.5991666648098, 7.152917128422814 ], [ 125.597499998925898, 7.152917128422814 ], [ 125.597499998925898, 7.153750461814411 ], [ 125.5966666655343, 7.153750461814411 ], [ 125.5966666655343, 7.155417127698343 ], [ 125.595833332142703, 7.155417127698343 ], [ 125.595833332142703, 7.15625046108994 ], [ 125.594999998751007, 7.15625046108994 ], [ 125.594999998751007, 7.158750461264845 ], [ 125.595833332142703, 7.158750461264845 ], [ 125.595833332142703, 7.159583794656442 ], [ 125.594999998751007, 7.159583794656442 ], [ 125.594999998751007, 7.161250461439693 ], [ 125.595833332142703, 7.161250461439693 ], [ 125.595833332142703, 7.162917128222944 ], [ 125.5966666655343, 7.162917128222944 ], [ 125.5966666655343, 7.163750461614541 ], [ 125.5966666655343, 7.169583794456571 ], [ 125.594999998751007, 7.169583794456571 ], [ 125.594999998751007, 7.168750461064974 ], [ 125.593333331967798, 7.168750461064974 ], [ 125.593333331967798, 7.169583794456571 ], [ 125.589999998401296, 7.169583794456571 ], [ 125.589999998401296, 7.170417127848225 ], [ 125.586666664834794, 7.170417127848225 ], [ 125.586666664834794, 7.175417128197978 ], [ 125.585833331443197, 7.175417128197978 ], [ 125.585833331443197, 7.176250461589575 ], [ 125.584999998950806, 7.176250461589575 ], [ 125.584999998950806, 7.177083794981229 ], [ 125.584166665559195, 7.177083794981229 ], [ 125.584166665559195, 7.179583795156077 ], [ 125.583333332167598, 7.179583795156077 ], [ 125.583333332167598, 7.182083794431605 ], [ 125.584166665559195, 7.182083794431605 ], [ 125.584166665559195, 7.183750461214856 ], [ 125.583333332167598, 7.183750461214856 ], [ 125.583333332167598, 7.185417127998107 ], [ 125.582499998776001, 7.185417127998107 ], [ 125.582499998776001, 7.186250461389705 ], [ 125.576666665034594, 7.186250461389705 ], [ 125.576666665034594, 7.187083794781358 ], [ 125.575833331642997, 7.187083794781358 ], [ 125.575833331642997, 7.188750461564609 ], [ 125.576666665034594, 7.188750461564609 ], [ 125.576666665034594, 7.191250461739458 ], [ 125.577499998426205, 7.191250461739458 ], [ 125.577499998426205, 7.192083795131111 ], [ 125.576666665034594, 7.192083795131111 ], [ 125.576666665034594, 7.19458379440664 ], [ 125.575833331642997, 7.19458379440664 ], [ 125.575833331642997, 7.195417127798237 ], [ 125.5749999982514, 7.195417127798237 ], [ 125.5749999982514, 7.198750461364739 ], [ 125.571666665584203, 7.198750461364739 ], [ 125.571666665584203, 7.20041712814799 ], [ 125.570833332192606, 7.20041712814799 ], [ 125.570833332192606, 7.201250461539644 ], [ 125.571666665584203, 7.201250461539644 ], [ 125.571666665584203, 7.202917128322838 ], [ 125.5724999989758, 7.202917128322838 ], [ 125.5724999989758, 7.203750461714492 ], [ 125.571666665584203, 7.203750461714492 ], [ 125.571666665584203, 7.205417127598423 ], [ 125.570833332192606, 7.205417127598423 ], [ 125.570833332192606, 7.207083794381674 ], [ 125.5724999989758, 7.207083794381674 ], [ 125.5724999989758, 7.207917127773271 ], [ 125.573333331468106, 7.207917127773271 ], [ 125.573333331468106, 7.208750461164925 ], [ 125.5724999989758, 7.208750461164925 ], [ 125.5724999989758, 7.209583794556522 ], [ 125.573333331468106, 7.209583794556522 ], [ 125.573333331468106, 7.212917128123024 ], [ 125.574166664859703, 7.212917128123024 ], [ 125.574166664859703, 7.215417128297872 ], [ 125.5724999989758, 7.215417128297872 ], [ 125.5724999989758, 7.216250461689526 ], [ 125.569166665409398, 7.216250461689526 ], [ 125.569166665409398, 7.217083795081123 ], [ 125.568333332017701, 7.217083795081123 ], [ 125.568333332017701, 7.219583794356652 ], [ 125.564166665059602, 7.219583794356652 ], [ 125.564166665059602, 7.220417127748306 ], [ 125.563333331668005, 7.220417127748306 ], [ 125.563333331668005, 7.221250461139903 ], [ 125.562499998276394, 7.221250461139903 ], [ 125.562499998276394, 7.225417128098059 ], [ 125.5608333314931, 7.225417128098059 ], [ 125.5608333314931, 7.226250461489656 ], [ 125.5583333322176, 7.226250461489656 ], [ 125.5583333322176, 7.228750461664504 ], [ 125.557499998826003, 7.228750461664504 ], [ 125.557499998826003, 7.229583795056158 ], [ 125.554999998651098, 7.229583795056158 ], [ 125.554999998651098, 7.231250460940089 ], [ 125.552499998476307, 7.231250460940089 ], [ 125.552499998476307, 7.232083794331686 ], [ 125.550833331692999, 7.232083794331686 ], [ 125.550833331692999, 7.23291712772334 ], [ 125.547499998126497, 7.23291712772334 ], [ 125.547499998126497, 7.234583794506534 ], [ 125.546666665634106, 7.234583794506534 ], [ 125.546666665634106, 7.235417127898188 ], [ 125.544999998850898, 7.235417127898188 ], [ 125.544999998850898, 7.236250461289785 ], [ 125.544166665459301, 7.236250461289785 ], [ 125.544166665459301, 7.237917128073036 ], [ 125.544999998850898, 7.237917128073036 ], [ 125.544999998850898, 7.23875046146469 ], [ 125.544166665459301, 7.23875046146469 ], [ 125.544166665459301, 7.240417128247941 ], [ 125.543333332067704, 7.240417128247941 ], [ 125.543333332067704, 7.241250461639538 ], [ 125.541666665284396, 7.241250461639538 ], [ 125.541666665284396, 7.242083795031192 ], [ 125.539999998501202, 7.242083795031192 ], [ 125.539999998501202, 7.242917128422789 ], [ 125.538333331717894, 7.242917128422789 ], [ 125.538333331717894, 7.243750460915067 ], [ 125.537499998326297, 7.243750460915067 ], [ 125.537499998326297, 7.242917128422789 ], [ 125.534999998151406, 7.242917128422789 ], [ 125.534999998151406, 7.243750460915067 ], [ 125.533333332267503, 7.243750460915067 ], [ 125.533333332267503, 7.24458379430672 ], [ 125.531666665484295, 7.24458379430672 ], [ 125.531666665484295, 7.246250461089971 ], [ 125.530833332092698, 7.246250461089971 ], [ 125.530833332092698, 7.247917127873222 ], [ 125.529999998701001, 7.247917127873222 ], [ 125.529999998701001, 7.24875046126482 ], [ 125.528333331917807, 7.24875046126482 ], [ 125.528333331917807, 7.249583794656473 ], [ 125.527499998526196, 7.249583794656473 ], [ 125.527499998526196, 7.250417128048071 ], [ 125.526666665134599, 7.250417128048071 ], [ 125.526666665134599, 7.251250461439668 ], [ 125.525833331742902, 7.251250461439668 ], [ 125.525833331742902, 7.250417128048071 ], [ 125.523333331568097, 7.250417128048071 ], [ 125.523333331568097, 7.249583794656473 ], [ 125.521666664784803, 7.249583794656473 ], [ 125.521666664784803, 7.24875046126482 ], [ 125.518333332117706, 7.24875046126482 ], [ 125.518333332117706, 7.247917127873222 ], [ 125.515833331942801, 7.247917127873222 ], [ 125.515833331942801, 7.24875046126482 ], [ 125.514166665159607, 7.24875046126482 ], [ 125.514166665159607, 7.249583794656473 ], [ 125.513333331767896, 7.249583794656473 ], [ 125.513333331767896, 7.250417128048071 ], [ 125.511666664984702, 7.250417128048071 ], [ 125.511666664984702, 7.251250461439668 ], [ 125.510833331593105, 7.251250461439668 ], [ 125.510833331593105, 7.252917128222919 ], [ 125.509999998201494, 7.252917128222919 ], [ 125.509999998201494, 7.255417128397824 ], [ 125.509166664809797, 7.255417128397824 ], [ 125.509166664809797, 7.257083794281755 ], [ 125.507499998925795, 7.257083794281755 ], [ 125.507499998925795, 7.257917127673352 ], [ 125.504999998751003, 7.257917127673352 ], [ 125.504999998751003, 7.257083794281755 ], [ 125.504166665359406, 7.257083794281755 ], [ 125.504166665359406, 7.256250461789421 ], [ 125.503333331967696, 7.256250461789421 ], [ 125.503333331967696, 7.25458379500617 ], [ 125.502499998576099, 7.25458379500617 ], [ 125.502499998576099, 7.252917128222919 ], [ 125.501666665184501, 7.252917128222919 ], [ 125.501666665184501, 7.253750461614573 ], [ 125.499166665009596, 7.253750461614573 ], [ 125.499166665009596, 7.25458379500617 ], [ 125.498333331617999, 7.25458379500617 ], [ 125.498333331617999, 7.255417128397824 ], [ 125.496666664834805, 7.255417128397824 ], [ 125.496666664834805, 7.256250461789421 ], [ 125.495833332342499, 7.256250461789421 ], [ 125.495833332342499, 7.257083794281755 ], [ 125.494999998950902, 7.257083794281755 ], [ 125.494999998950902, 7.257917127673352 ], [ 125.494166665559206, 7.257917127673352 ], [ 125.494166665559206, 7.258750461064949 ], [ 125.489999998601107, 7.258750461064949 ], [ 125.489999998601107, 7.2604171278482 ], [ 125.489166665209495, 7.2604171278482 ], [ 125.489166665209495, 7.262917128023105 ], [ 125.488333331817898, 7.262917128023105 ], [ 125.488333331817898, 7.263750461414702 ], [ 125.489166665209495, 7.263750461414702 ], [ 125.489166665209495, 7.265417128197953 ], [ 125.487499998426301, 7.265417128197953 ], [ 125.487499998426301, 7.267917128372801 ], [ 125.485833331642993, 7.267917128372801 ], [ 125.485833331642993, 7.269583794256732 ], [ 125.484999998251396, 7.269583794256732 ], [ 125.484999998251396, 7.272083794431637 ], [ 125.485833331642993, 7.272083794431637 ], [ 125.485833331642993, 7.272917127823234 ], [ 125.486666665034605, 7.272917127823234 ], [ 125.486666665034605, 7.275417127998082 ], [ 125.487499998426301, 7.275417127998082 ], [ 125.487499998426301, 7.281250461739489 ], [ 125.488333331817898, 7.281250461739489 ], [ 125.488333331817898, 7.285417127798269 ], [ 125.486666665034605, 7.285417127798269 ], [ 125.486666665034605, 7.286250461189866 ], [ 125.485833331642993, 7.286250461189866 ], [ 125.485833331642993, 7.287917127973117 ], [ 125.484999998251396, 7.287917127973117 ], [ 125.484999998251396, 7.290417128148022 ], [ 125.484166664859799, 7.290417128148022 ], [ 125.484166664859799, 7.292083794931216 ], [ 125.483333331468103, 7.292083794931216 ], [ 125.483333331468103, 7.29291712832287 ], [ 125.482499998975896, 7.29291712832287 ], [ 125.482499998975896, 7.294583795106121 ], [ 125.480833332192603, 7.294583795106121 ], [ 125.480833332192603, 7.297083794381649 ], [ 125.479166665409394, 7.297083794381649 ], [ 125.479166665409394, 7.297917127773303 ], [ 125.478333332017797, 7.297917127773303 ], [ 125.478333332017797, 7.30458379490625 ], [ 125.477499998626101, 7.30458379490625 ], [ 125.477499998626101, 7.306250461689501 ], [ 125.476666665234504, 7.306250461689501 ], [ 125.476666665234504, 7.307083795081098 ], [ 125.474999998451295, 7.307083795081098 ], [ 125.474999998451295, 7.314583794706437 ], [ 125.475833331842907, 7.314583794706437 ], [ 125.475833331842907, 7.317917128272882 ], [ 125.474999998451295, 7.317917128272882 ], [ 125.474999998451295, 7.318750461664536 ], [ 125.474166665059599, 7.318750461664536 ], [ 125.474166665059599, 7.317917128272882 ], [ 125.473333331668002, 7.317917128272882 ], [ 125.473333331668002, 7.318750461664536 ], [ 125.470833331493196, 7.318750461664536 ], [ 125.470833331493196, 7.319583795056133 ], [ 125.469166665609194, 7.319583795056133 ], [ 125.469166665609194, 7.320417127548467 ], [ 125.468333332217497, 7.320417127548467 ], [ 125.468333332217497, 7.321250460940064 ], [ 125.4674999988259, 7.321250460940064 ], [ 125.4674999988259, 7.320417127548467 ], [ 125.465833332042706, 7.320417127548467 ], [ 125.465833332042706, 7.322083794331718 ], [ 125.464999998650995, 7.322083794331718 ], [ 125.464999998650995, 7.322917127723315 ], [ 125.463333331867801, 7.322917127723315 ], [ 125.463333331867801, 7.323750461114912 ], [ 125.462499998476204, 7.323750461114912 ], [ 125.462499998476204, 7.324583794506566 ], [ 125.461666665084607, 7.324583794506566 ], [ 125.461666665084607, 7.325417127898163 ], [ 125.457499998126394, 7.325417127898163 ], [ 125.457499998126394, 7.326250461289817 ], [ 125.456666665634202, 7.326250461289817 ], [ 125.456666665634202, 7.327083794681414 ], [ 125.455833332242605, 7.327083794681414 ], [ 125.455833332242605, 7.327917128073068 ], [ 125.454999998850894, 7.327917128073068 ], [ 125.454999998850894, 7.329583794856319 ], [ 125.454166665459297, 7.329583794856319 ], [ 125.454166665459297, 7.330417128247916 ], [ 125.4533333320677, 7.330417128247916 ], [ 125.4533333320677, 7.33125046163957 ], [ 125.451666665284407, 7.33125046163957 ], [ 125.451666665284407, 7.332083795031167 ], [ 125.449166665109601, 7.332083795031167 ], [ 125.449166665109601, 7.332917128422764 ], [ 125.447499998326293, 7.332917128422764 ], [ 125.447499998326293, 7.333750460915098 ], [ 125.446666664934696, 7.333750460915098 ], [ 125.446666664934696, 7.334583794306695 ], [ 125.445833331543099, 7.334583794306695 ], [ 125.445833331543099, 7.3370837944816 ], [ 125.444999998151502, 7.3370837944816 ], [ 125.444999998151502, 7.337917127873197 ], [ 125.444166665659196, 7.337917127873197 ], [ 125.444166665659196, 7.338750461264851 ], [ 125.442499998875903, 7.338750461264851 ], [ 125.442499998875903, 7.339583794656448 ], [ 125.440833332092694, 7.339583794656448 ], [ 125.440833332092694, 7.340417128048046 ], [ 125.439999998701097, 7.340417128048046 ], [ 125.439999998701097, 7.341250461439699 ], [ 125.438333331917804, 7.341250461439699 ], [ 125.438333331917804, 7.34291712822295 ], [ 125.436666665134595, 7.34291712822295 ], [ 125.436666665134595, 7.343750461614548 ], [ 125.435833331742998, 7.343750461614548 ], [ 125.435833331742998, 7.344583795006201 ], [ 125.434166664959704, 7.344583795006201 ], [ 125.434166664959704, 7.34708379428173 ], [ 125.433333331568093, 7.34708379428173 ], [ 125.433333331568093, 7.347917127673327 ], [ 125.4291666655092, 7.347917127673327 ], [ 125.4291666655092, 7.348750461064981 ], [ 125.427499998726006, 7.348750461064981 ], [ 125.427499998726006, 7.349583794456578 ], [ 125.426666665334395, 7.349583794456578 ], [ 125.426666665334395, 7.350417127848232 ], [ 125.424999998551101, 7.350417127848232 ], [ 125.424999998551101, 7.349583794456578 ], [ 125.423333331767907, 7.349583794456578 ], [ 125.423333331767907, 7.350417127848232 ], [ 125.422499998376296, 7.350417127848232 ], [ 125.422499998376296, 7.351250461239829 ], [ 125.421666664984599, 7.351250461239829 ], [ 125.421666664984599, 7.35291712802308 ], [ 125.422499998376296, 7.35291712802308 ], [ 125.422499998376296, 7.354583794806331 ], [ 125.419999998201405, 7.354583794806331 ], [ 125.419999998201405, 7.355417128197985 ], [ 125.419166664809794, 7.355417128197985 ], [ 125.419166664809794, 7.357083794981179 ], [ 125.418333332317502, 7.357083794981179 ], [ 125.418333332317502, 7.357917128372833 ], [ 125.417499998925905, 7.357917128372833 ], [ 125.417499998925905, 7.35875046086511 ], [ 125.415833332142597, 7.35875046086511 ], [ 125.415833332142597, 7.357917128372833 ], [ 125.414166665359403, 7.357917128372833 ], [ 125.414166665359403, 7.357083794981179 ], [ 125.413333331967806, 7.357083794981179 ], [ 125.413333331967806, 7.357917128372833 ], [ 125.412499998576095, 7.357917128372833 ], [ 125.412499998576095, 7.35875046086511 ], [ 125.411666665184498, 7.35875046086511 ], [ 125.411666665184498, 7.361250461040015 ], [ 125.410833331792901, 7.361250461040015 ], [ 125.410833331792901, 7.366250461389711 ], [ 125.411666665184498, 7.366250461389711 ], [ 125.411666665184498, 7.367083794781365 ], [ 125.412499998576095, 7.367083794781365 ], [ 125.412499998576095, 7.367917128172962 ], [ 125.413333331967806, 7.367917128172962 ], [ 125.413333331967806, 7.370417128347867 ], [ 125.415833332142597, 7.370417128347867 ], [ 125.415833332142597, 7.371250461739464 ], [ 125.416666665534194, 7.371250461739464 ], [ 125.416666665534194, 7.372083794231742 ], [ 125.418333332317502, 7.372083794231742 ], [ 125.418333332317502, 7.372917127623396 ], [ 125.419999998201405, 7.372917127623396 ], [ 125.419999998201405, 7.373750461014993 ], [ 125.420833331593002, 7.373750461014993 ], [ 125.420833331593002, 7.375417127798244 ], [ 125.421666664984599, 7.375417127798244 ], [ 125.421666664984599, 7.378750461364746 ], [ 125.422499998376296, 7.378750461364746 ], [ 125.422499998376296, 7.3795837947564 ], [ 125.423333331767907, 7.3795837947564 ], [ 125.423333331767907, 7.382083794931248 ], [ 125.422499998376296, 7.382083794931248 ], [ 125.422499998376296, 7.382917128322845 ], [ 125.421666664984599, 7.382917128322845 ], [ 125.421666664984599, 7.383750461714499 ], [ 125.420833331593002, 7.383750461714499 ], [ 125.420833331593002, 7.384583794206776 ], [ 125.419999998201405, 7.384583794206776 ], [ 125.419999998201405, 7.38541712759843 ], [ 125.419166664809794, 7.38541712759843 ], [ 125.419166664809794, 7.386250460990027 ], [ 125.418333332317502, 7.386250460990027 ], [ 125.418333332317502, 7.387917127773278 ], [ 125.419166664809794, 7.387917127773278 ], [ 125.419166664809794, 7.388750461164875 ], [ 125.419999998201405, 7.388750461164875 ], [ 125.419999998201405, 7.390417127948126 ], [ 125.420833331593002, 7.390417127948126 ], [ 125.420833331593002, 7.39125046133978 ], [ 125.421666664984599, 7.39125046133978 ], [ 125.421666664984599, 7.392083794731377 ], [ 125.422499998376296, 7.392083794731377 ], [ 125.422499998376296, 7.393750461514628 ], [ 125.423333331767907, 7.393750461514628 ], [ 125.423333331767907, 7.39708379418181 ], [ 125.422499998376296, 7.39708379418181 ], [ 125.422499998376296, 7.397917127573408 ], [ 125.421666664984599, 7.397917127573408 ], [ 125.421666664984599, 7.40125046113991 ], [ 125.420833331593002, 7.40125046113991 ], [ 125.420833331593002, 7.402083794531563 ], [ 125.419999998201405, 7.402083794531563 ], [ 125.419999998201405, 7.402917127923161 ], [ 125.418333332317502, 7.402917127923161 ], [ 125.418333332317502, 7.403750461314814 ], [ 125.417499998925905, 7.403750461314814 ], [ 125.417499998925905, 7.404583794706412 ], [ 125.416666665534194, 7.404583794706412 ], [ 125.416666665534194, 7.405417128098009 ], [ 125.415833332142597, 7.405417128098009 ], [ 125.415833332142597, 7.406250461489663 ], [ 125.414999998751, 7.406250461489663 ], [ 125.414999998751, 7.407917128272914 ], [ 125.414166665359403, 7.407917128272914 ], [ 125.414166665359403, 7.408750461664511 ], [ 125.410833331792901, 7.408750461664511 ], [ 125.410833331792901, 7.409583795056165 ], [ 125.409166665009593, 7.409583795056165 ], [ 125.409166665009593, 7.411250460940096 ], [ 125.405833332342496, 7.411250460940096 ], [ 125.405833332342496, 7.412083794331693 ], [ 125.404166665559302, 7.412083794331693 ], [ 125.404166665559302, 7.413750461114944 ], [ 125.403333332167605, 7.413750461114944 ], [ 125.403333332167605, 7.414583794506541 ], [ 125.402499998775994, 7.414583794506541 ], [ 125.402499998775994, 7.416250461289792 ], [ 125.401666665384397, 7.416250461289792 ], [ 125.401666665384397, 7.417083794681446 ], [ 125.4008333319928, 7.417083794681446 ], [ 125.4008333319928, 7.417917128073043 ], [ 125.398333331817895, 7.417917128073043 ], [ 125.398333331817895, 7.418750461464697 ], [ 125.397499998426298, 7.418750461464697 ], [ 125.397499998426298, 7.421250461639545 ], [ 125.396666665034701, 7.421250461639545 ], [ 125.396666665034701, 7.422083795031142 ], [ 125.395833331643004, 7.422083795031142 ], [ 125.395833331643004, 7.422917127523476 ], [ 125.392499998975794, 7.422917127523476 ], [ 125.392499998975794, 7.422083795031142 ], [ 125.389999998800903, 7.422083795031142 ], [ 125.389999998800903, 7.421250461639545 ], [ 125.386666665234401, 7.421250461639545 ], [ 125.386666665234401, 7.427917127873229 ], [ 125.385833331842804, 7.427917127873229 ], [ 125.385833331842804, 7.430417128048077 ], [ 125.386666665234401, 7.430417128048077 ], [ 125.386666665234401, 7.431250461439674 ], [ 125.387499998626097, 7.431250461439674 ], [ 125.387499998626097, 7.432083794831328 ], [ 125.388333332017694, 7.432083794831328 ], [ 125.388333332017694, 7.434583795006176 ], [ 125.389166665409306, 7.434583795006176 ], [ 125.389166665409306, 7.437917127673359 ], [ 125.388333332017694, 7.437917127673359 ], [ 125.388333332017694, 7.43958379445661 ], [ 125.387499998626097, 7.43958379445661 ], [ 125.387499998626097, 7.441250461239861 ], [ 125.386666665234401, 7.441250461239861 ], [ 125.386666665234401, 7.447917128372808 ], [ 125.387499998626097, 7.447917128372808 ], [ 125.387499998626097, 7.452083794431644 ], [ 125.388333332017694, 7.452083794431644 ], [ 125.388333332017694, 7.455417127998089 ], [ 125.387499998626097, 7.455417127998089 ], [ 125.387499998626097, 7.456250461389743 ], [ 125.386666665234401, 7.456250461389743 ], [ 125.386666665234401, 7.458750461564591 ], [ 125.387499998626097, 7.458750461564591 ], [ 125.387499998626097, 7.459583794956245 ], [ 125.388333332017694, 7.459583794956245 ], [ 125.388333332017694, 7.460417128347842 ], [ 125.389166665409306, 7.460417128347842 ], [ 125.389166665409306, 7.462917127623371 ], [ 125.388333332017694, 7.462917127623371 ], [ 125.388333332017694, 7.467917127973124 ], [ 125.389166665409306, 7.467917127973124 ], [ 125.389166665409306, 7.468750461364721 ], [ 125.389999998800903, 7.468750461364721 ], [ 125.389999998800903, 7.469583794756375 ], [ 125.390833332192599, 7.469583794756375 ], [ 125.390833332192599, 7.470417128147972 ], [ 125.391666665584196, 7.470417128147972 ], [ 125.391666665584196, 7.471250461539626 ], [ 125.392499998975794, 7.471250461539626 ], [ 125.392499998975794, 7.472917128322877 ], [ 125.393333332367405, 7.472917128322877 ], [ 125.393333332367405, 7.475417127598405 ], [ 125.394166664859796, 7.475417127598405 ], [ 125.394166664859796, 7.488750460965036 ], [ 125.394999998251393, 7.488750460965036 ], [ 125.394999998251393, 7.48958379435669 ], [ 125.394166664859796, 7.48958379435669 ], [ 125.394166664859796, 7.491250461139941 ], [ 125.393333332367405, 7.491250461139941 ], [ 125.393333332367405, 7.493750461314789 ], [ 125.392499998975794, 7.493750461314789 ], [ 125.392499998975794, 7.494583794706387 ], [ 125.391666665584196, 7.494583794706387 ], [ 125.391666665584196, 7.497083794881291 ], [ 125.390833332192599, 7.497083794881291 ], [ 125.390833332192599, 7.498750461664542 ], [ 125.389999998800903, 7.498750461664542 ], [ 125.389999998800903, 7.49958379415682 ], [ 125.389166665409306, 7.49958379415682 ], [ 125.389166665409306, 7.500417127548474 ], [ 125.388333332017694, 7.500417127548474 ], [ 125.388333332017694, 7.503750461114919 ], [ 125.389166665409306, 7.503750461114919 ], [ 125.389166665409306, 7.504583794506573 ], [ 125.389999998800903, 7.504583794506573 ], [ 125.389999998800903, 7.506250461289824 ], [ 125.390833332192599, 7.506250461289824 ], [ 125.390833332192599, 7.514583794306702 ], [ 125.389166665409306, 7.514583794306702 ], [ 125.389166665409306, 7.516250461089953 ], [ 125.388333332017694, 7.516250461089953 ], [ 125.388333332017694, 7.517917127873204 ], [ 125.387499998626097, 7.517917127873204 ], [ 125.387499998626097, 7.519583794656455 ], [ 125.386666665234401, 7.519583794656455 ], [ 125.386666665234401, 7.520417128048052 ], [ 125.387499998626097, 7.520417128048052 ], [ 125.387499998626097, 7.522917128222957 ], [ 125.388333332017694, 7.522917128222957 ], [ 125.388333332017694, 7.524583795006208 ], [ 125.389166665409306, 7.524583795006208 ], [ 125.389166665409306, 7.525417127498486 ], [ 125.389999998800903, 7.525417127498486 ], [ 125.389999998800903, 7.526250460890083 ], [ 125.390833332192599, 7.526250460890083 ], [ 125.390833332192599, 7.530417127848239 ], [ 125.389999998800903, 7.530417127848239 ], [ 125.389999998800903, 7.531250461239836 ], [ 125.389166665409306, 7.531250461239836 ], [ 125.389166665409306, 7.53208379463149 ], [ 125.388333332017694, 7.53208379463149 ], [ 125.388333332017694, 7.532917128023087 ], [ 125.389166665409306, 7.532917128023087 ], [ 125.389166665409306, 7.533750461414684 ], [ 125.389999998800903, 7.533750461414684 ], [ 125.389999998800903, 7.536250461589589 ], [ 125.390833332192599, 7.536250461589589 ], [ 125.390833332192599, 7.53791712747352 ], [ 125.391666665584196, 7.53791712747352 ], [ 125.391666665584196, 7.540417127648368 ], [ 125.392499998975794, 7.540417127648368 ], [ 125.392499998975794, 7.541250461040022 ], [ 125.391666665584196, 7.541250461040022 ], [ 125.391666665584196, 7.542083794431619 ], [ 125.390833332192599, 7.542083794431619 ], [ 125.390833332192599, 7.542917127823216 ], [ 125.389999998800903, 7.542917127823216 ], [ 125.389999998800903, 7.545417127998121 ], [ 125.388333332017694, 7.545417127998121 ], [ 125.388333332017694, 7.547083794781372 ], [ 125.387499998626097, 7.547083794781372 ], [ 125.387499998626097, 7.547917128172969 ], [ 125.386666665234401, 7.547917128172969 ], [ 125.386666665234401, 7.548750461564623 ], [ 125.387499998626097, 7.548750461564623 ], [ 125.387499998626097, 7.550417128347817 ], [ 125.388333332017694, 7.550417128347817 ], [ 125.388333332017694, 7.552917127623402 ], [ 125.389166665409306, 7.552917127623402 ], [ 125.389166665409306, 7.553750461015 ], [ 125.389999998800903, 7.553750461015 ], [ 125.389999998800903, 7.554583794406653 ], [ 125.390833332192599, 7.554583794406653 ], [ 125.390833332192599, 7.556250461189904 ], [ 125.389999998800903, 7.556250461189904 ], [ 125.389999998800903, 7.557083794581502 ], [ 125.390833332192599, 7.557083794581502 ], [ 125.390833332192599, 7.55958379475635 ], [ 125.391666665584196, 7.55958379475635 ], [ 125.391666665584196, 7.561250461539601 ], [ 125.392499998975794, 7.561250461539601 ], [ 125.392499998975794, 7.567083794381631 ], [ 125.393333332367405, 7.567083794381631 ], [ 125.393333332367405, 7.572917128123038 ], [ 125.394166664859796, 7.572917128123038 ], [ 125.394166664859796, 7.575417128297886 ], [ 125.394999998251393, 7.575417128297886 ], [ 125.394999998251393, 7.578750460965068 ], [ 125.395833331643004, 7.578750460965068 ], [ 125.395833331643004, 7.580417127748319 ], [ 125.396666665034701, 7.580417127748319 ], [ 125.396666665034701, 7.581250461139916 ], [ 125.395833331643004, 7.581250461139916 ], [ 125.395833331643004, 7.583750461314764 ], [ 125.394999998251393, 7.583750461314764 ], [ 125.394999998251393, 7.588750461664517 ], [ 125.394166664859796, 7.588750461664517 ], [ 125.394166664859796, 7.591250460940046 ], [ 125.393333332367405, 7.591250460940046 ], [ 125.393333332367405, 7.592917127723297 ], [ 125.395833331643004, 7.592917127723297 ], [ 125.395833331643004, 7.598750461464647 ], [ 125.396666665034701, 7.598750461464647 ], [ 125.396666665034701, 7.59791712807305 ], [ 125.399166665209506, 7.59791712807305 ], [ 125.399166665209506, 7.595417127898202 ], [ 125.399999998601103, 7.595417127898202 ], [ 125.399999998601103, 7.594583794506548 ], [ 125.403333332167605, 7.594583794506548 ], [ 125.403333332167605, 7.595417127898202 ], [ 125.404166665559302, 7.595417127898202 ], [ 125.404166665559302, 7.596250461289799 ], [ 125.404999998950899, 7.596250461289799 ], [ 125.404999998950899, 7.597083794681453 ], [ 125.406666664834802, 7.597083794681453 ], [ 125.406666664834802, 7.596250461289799 ], [ 125.409166665009593, 7.596250461289799 ], [ 125.409166665009593, 7.59791712807305 ], [ 125.409999998401304, 7.59791712807305 ], [ 125.409999998401304, 7.599583794856301 ], [ 125.410833331792901, 7.599583794856301 ], [ 125.410833331792901, 7.607917127873179 ], [ 125.411666665184498, 7.607917127873179 ], [ 125.411666665184498, 7.608750461264833 ], [ 125.410833331792901, 7.608750461264833 ], [ 125.410833331792901, 7.611250461439681 ], [ 125.411666665184498, 7.611250461439681 ], [ 125.411666665184498, 7.617917127673366 ], [ 125.412499998576095, 7.617917127673366 ], [ 125.412499998576095, 7.618750461064963 ], [ 125.411666665184498, 7.618750461064963 ], [ 125.411666665184498, 7.620417127848214 ], [ 125.415833332142597, 7.620417127848214 ], [ 125.415833332142597, 7.622917128023062 ], [ 125.416666665534194, 7.622917128023062 ], [ 125.416666665534194, 7.626250461589564 ], [ 125.418333332317502, 7.626250461589564 ], [ 125.418333332317502, 7.624583794806313 ], [ 125.419166664809794, 7.624583794806313 ], [ 125.419166664809794, 7.622917128023062 ], [ 125.419999998201405, 7.622917128023062 ], [ 125.419999998201405, 7.622083794631465 ], [ 125.421666664984599, 7.622083794631465 ], [ 125.421666664984599, 7.621250461239868 ], [ 125.423333331767907, 7.621250461239868 ], [ 125.423333331767907, 7.620417127848214 ], [ 125.425833331942698, 7.620417127848214 ], [ 125.425833331942698, 7.619583794456617 ], [ 125.428333332117603, 7.619583794456617 ], [ 125.428333332117603, 7.621250461239868 ], [ 125.4291666655092, 7.621250461239868 ], [ 125.4291666655092, 7.623750461414716 ], [ 125.429999998900897, 7.623750461414716 ], [ 125.429999998900897, 7.626250461589564 ], [ 125.431666665684105, 7.626250461589564 ], [ 125.431666665684105, 7.627083794981218 ], [ 125.432499998176496, 7.627083794981218 ], [ 125.432499998176496, 7.627917127473495 ], [ 125.433333331568093, 7.627917127473495 ], [ 125.433333331568093, 7.630417127648343 ], [ 125.432499998176496, 7.630417127648343 ], [ 125.432499998176496, 7.633750461214845 ], [ 125.433333331568093, 7.633750461214845 ], [ 125.433333331568093, 7.634583794606499 ], [ 125.434166664959704, 7.634583794606499 ], [ 125.434166664959704, 7.637083794781347 ], [ 125.433333331568093, 7.637083794781347 ], [ 125.433333331568093, 7.637917128173001 ], [ 125.432499998176496, 7.637917128173001 ], [ 125.432499998176496, 7.639583794956195 ], [ 125.433333331568093, 7.639583794956195 ], [ 125.433333331568093, 7.641250460840126 ], [ 125.434166664959704, 7.641250460840126 ], [ 125.434166664959704, 7.642917127623377 ], [ 125.434999998351302, 7.642917127623377 ], [ 125.434999998351302, 7.643750461015031 ], [ 125.436666665134595, 7.643750461015031 ], [ 125.436666665134595, 7.644583794406628 ], [ 125.437499998526206, 7.644583794406628 ], [ 125.437499998526206, 7.645417127798282 ], [ 125.438333331917804, 7.645417127798282 ], [ 125.438333331917804, 7.650417128147979 ], [ 125.437499998526206, 7.650417128147979 ], [ 125.437499998526206, 7.660417127948165 ], [ 125.436666665134595, 7.660417127948165 ], [ 125.436666665134595, 7.662917128123013 ], [ 125.435833331742998, 7.662917128123013 ], [ 125.435833331742998, 7.66375046151461 ], [ 125.434999998351302, 7.66375046151461 ], [ 125.434999998351302, 7.667083794181792 ], [ 125.433333331568093, 7.667083794181792 ], [ 125.433333331568093, 7.672083794531545 ], [ 125.432499998176496, 7.672083794531545 ], [ 125.432499998176496, 7.672917127923142 ], [ 125.431666665684105, 7.672917127923142 ], [ 125.431666665684105, 7.675417128098047 ], [ 125.430833332292494, 7.675417128098047 ], [ 125.430833332292494, 7.678750460765173 ], [ 125.429999998900897, 7.678750460765173 ], [ 125.429999998900897, 7.680417127548424 ], [ 125.4291666655092, 7.680417127548424 ], [ 125.4291666655092, 7.682917127723329 ], [ 125.428333332117603, 7.682917127723329 ], [ 125.428333332117603, 7.689583794856276 ], [ 125.4291666655092, 7.689583794856276 ], [ 125.4291666655092, 7.69041712824793 ], [ 125.429999998900897, 7.69041712824793 ], [ 125.429999998900897, 7.691250460740207 ], [ 125.430833332292494, 7.691250460740207 ], [ 125.430833332292494, 7.694583794306709 ], [ 125.431666665684105, 7.694583794306709 ], [ 125.431666665684105, 7.695417127698306 ], [ 125.432499998176496, 7.695417127698306 ], [ 125.432499998176496, 7.697083794481557 ], [ 125.433333331568093, 7.697083794481557 ], [ 125.433333331568093, 7.697917127873211 ], [ 125.434166664959704, 7.697917127873211 ], [ 125.434166664959704, 7.698750461264808 ], [ 125.434999998351302, 7.698750461264808 ], [ 125.434999998351302, 7.699583794656462 ], [ 125.435833331742998, 7.699583794656462 ], [ 125.435833331742998, 7.70208379483131 ], [ 125.434999998351302, 7.70208379483131 ], [ 125.434999998351302, 7.703750461614561 ], [ 125.434166664959704, 7.703750461614561 ], [ 125.434166664959704, 7.707083794281743 ], [ 125.434999998351302, 7.707083794281743 ], [ 125.434999998351302, 7.707917127673341 ], [ 125.434166664959704, 7.707917127673341 ], [ 125.434166664959704, 7.711250461239843 ], [ 125.434999998351302, 7.711250461239843 ], [ 125.434999998351302, 7.713750461414691 ], [ 125.434166664959704, 7.713750461414691 ], [ 125.434166664959704, 7.719583794256721 ], [ 125.433333331568093, 7.719583794256721 ], [ 125.433333331568093, 7.722917127823223 ], [ 125.432499998176496, 7.722917127823223 ], [ 125.432499998176496, 7.724583794606474 ], [ 125.431666665684105, 7.724583794606474 ], [ 125.431666665684105, 7.725417127998128 ], [ 125.430833332292494, 7.725417127998128 ], [ 125.430833332292494, 7.726250461389725 ], [ 125.429999998900897, 7.726250461389725 ], [ 125.429999998900897, 7.727083794781379 ], [ 125.430833332292494, 7.727083794781379 ], [ 125.430833332292494, 7.729583794056907 ], [ 125.431666665684105, 7.729583794056907 ], [ 125.431666665684105, 7.732083794231755 ], [ 125.433333331568093, 7.732083794231755 ], [ 125.433333331568093, 7.733750461015006 ], [ 125.434166664959704, 7.733750461015006 ], [ 125.434166664959704, 7.735417127798257 ], [ 125.434999998351302, 7.735417127798257 ], [ 125.434999998351302, 7.737083794581508 ], [ 125.435833331742998, 7.737083794581508 ], [ 125.435833331742998, 7.739583794756356 ], [ 125.436666665134595, 7.739583794756356 ], [ 125.436666665134595, 7.74041712814801 ], [ 125.438333331917804, 7.74041712814801 ], [ 125.438333331917804, 7.742083794931261 ], [ 125.4391666653095, 7.742083794931261 ], [ 125.4391666653095, 7.742917127423539 ], [ 125.439999998701097, 7.742917127423539 ], [ 125.439999998701097, 7.74458379420679 ], [ 125.440833332092694, 7.74458379420679 ], [ 125.440833332092694, 7.745417127598387 ], [ 125.441666665484306, 7.745417127598387 ], [ 125.441666665484306, 7.747917127773292 ], [ 125.442499998875903, 7.747917127773292 ], [ 125.442499998875903, 7.749583794556543 ], [ 125.443333332267599, 7.749583794556543 ], [ 125.443333332267599, 7.75041712794814 ], [ 125.444166665659196, 7.75041712794814 ], [ 125.444166665659196, 7.751250461339794 ], [ 125.444999998151502, 7.751250461339794 ], [ 125.444999998151502, 7.752083794731391 ], [ 125.445833331543099, 7.752083794731391 ], [ 125.445833331543099, 7.753750461514642 ], [ 125.446666664934696, 7.753750461514642 ], [ 125.446666664934696, 7.755417127398573 ], [ 125.447499998326293, 7.755417127398573 ], [ 125.447499998326293, 7.757917127573421 ], [ 125.448333331717905, 7.757917127573421 ], [ 125.448333331717905, 7.760417127748269 ], [ 125.449166665109601, 7.760417127748269 ], [ 125.449166665109601, 7.76208379453152 ], [ 125.449999998501198, 7.76208379453152 ], [ 125.449999998501198, 7.763750461314771 ], [ 125.449166665109601, 7.763750461314771 ], [ 125.449166665109601, 7.764583794706425 ], [ 125.448333331717905, 7.764583794706425 ], [ 125.448333331717905, 7.765417128098022 ], [ 125.447499998326293, 7.765417128098022 ], [ 125.447499998326293, 7.767917127373551 ], [ 125.446666664934696, 7.767917127373551 ], [ 125.446666664934696, 7.769583794156802 ], [ 125.445833331543099, 7.769583794156802 ], [ 125.445833331543099, 7.778750461464654 ], [ 125.447499998326293, 7.778750461464654 ], [ 125.447499998326293, 7.779583794856308 ], [ 125.448333331717905, 7.779583794856308 ], [ 125.448333331717905, 7.780417128247905 ], [ 125.449166665109601, 7.780417128247905 ], [ 125.449166665109601, 7.787083794481589 ], [ 125.448333331717905, 7.787083794481589 ], [ 125.448333331717905, 7.789583794656437 ], [ 125.445833331543099, 7.789583794656437 ], [ 125.445833331543099, 7.790417128048091 ], [ 125.443333332267599, 7.790417128048091 ], [ 125.443333332267599, 7.789583794656437 ], [ 125.440833332092694, 7.789583794656437 ], [ 125.440833332092694, 7.790417128048091 ], [ 125.4391666653095, 7.790417128048091 ], [ 125.4391666653095, 7.791250461439688 ], [ 125.438333331917804, 7.791250461439688 ], [ 125.438333331917804, 7.790417128048091 ], [ 125.433333331568093, 7.790417128048091 ], [ 125.433333331568093, 7.789583794656437 ], [ 125.431666665684105, 7.789583794656437 ], [ 125.431666665684105, 7.78875046126484 ], [ 125.4291666655092, 7.78875046126484 ], [ 125.4291666655092, 7.789583794656437 ], [ 125.427499998726006, 7.789583794656437 ], [ 125.427499998726006, 7.790417128048091 ], [ 125.424999998551101, 7.790417128048091 ], [ 125.424999998551101, 7.789583794656437 ], [ 125.423333331767907, 7.789583794656437 ], [ 125.423333331767907, 7.78875046126484 ], [ 125.421666664984599, 7.78875046126484 ], [ 125.421666664984599, 7.786250461089935 ], [ 125.419166664809794, 7.786250461089935 ], [ 125.419166664809794, 7.785417127698338 ], [ 125.418333332317502, 7.785417127698338 ], [ 125.418333332317502, 7.784583794306684 ], [ 125.417499998925905, 7.784583794306684 ], [ 125.417499998925905, 7.782083794131836 ], [ 125.416666665534194, 7.782083794131836 ], [ 125.416666665534194, 7.781250460740239 ], [ 125.410833331792901, 7.781250460740239 ], [ 125.410833331792901, 7.782083794131836 ], [ 125.409166665009593, 7.782083794131836 ], [ 125.409166665009593, 7.781250460740239 ], [ 125.407499998226399, 7.781250460740239 ], [ 125.407499998226399, 7.780417128247905 ], [ 125.404999998950899, 7.780417128247905 ], [ 125.404999998950899, 7.779583794856308 ], [ 125.404166665559302, 7.779583794856308 ], [ 125.404166665559302, 7.777917128073057 ], [ 125.403333332167605, 7.777917128073057 ], [ 125.403333332167605, 7.775417127898209 ], [ 125.402499998775994, 7.775417127898209 ], [ 125.402499998775994, 7.772917127723304 ], [ 125.401666665384397, 7.772917127723304 ], [ 125.401666665384397, 7.771250460940053 ], [ 125.399166665209506, 7.771250460940053 ], [ 125.399166665209506, 7.772083794331707 ], [ 125.396666665034701, 7.772083794331707 ], [ 125.396666665034701, 7.772917127723304 ], [ 125.395833331643004, 7.772917127723304 ], [ 125.395833331643004, 7.774583794506555 ], [ 125.396666665034701, 7.774583794506555 ], [ 125.396666665034701, 7.775417127898209 ], [ 125.395833331643004, 7.775417127898209 ], [ 125.395833331643004, 7.776250461289806 ], [ 125.394999998251393, 7.776250461289806 ], [ 125.394999998251393, 7.777083794681403 ], [ 125.393333332367405, 7.777083794681403 ], [ 125.393333332367405, 7.777917128073057 ], [ 125.392499998975794, 7.777917128073057 ], [ 125.392499998975794, 7.780417128247905 ], [ 125.391666665584196, 7.780417128247905 ], [ 125.391666665584196, 7.78291712752349 ], [ 125.390833332192599, 7.78291712752349 ], [ 125.390833332192599, 7.784583794306684 ], [ 125.389999998800903, 7.784583794306684 ], [ 125.389999998800903, 7.785417127698338 ], [ 125.389166665409306, 7.785417127698338 ], [ 125.389166665409306, 7.787083794481589 ], [ 125.388333332017694, 7.787083794481589 ], [ 125.388333332017694, 7.787917127873186 ], [ 125.387499998626097, 7.787917127873186 ], [ 125.387499998626097, 7.78875046126484 ], [ 125.386666665234401, 7.78875046126484 ], [ 125.386666665234401, 7.790417128048091 ], [ 125.385833331842804, 7.790417128048091 ], [ 125.385833331842804, 7.792917128222939 ], [ 125.384999998451207, 7.792917128222939 ], [ 125.384999998451207, 7.793750460715216 ], [ 125.384166665059595, 7.793750460715216 ], [ 125.384166665059595, 7.79458379410687 ], [ 125.383333331667998, 7.79458379410687 ], [ 125.383333331667998, 7.795417127498467 ], [ 125.382499998276302, 7.795417127498467 ], [ 125.382499998276302, 7.796250460890121 ], [ 125.379999999000802, 7.796250460890121 ], [ 125.379999999000802, 7.797917127673372 ], [ 125.379166665609205, 7.797917127673372 ], [ 125.379166665609205, 7.798750461064969 ], [ 125.378333332217593, 7.798750461064969 ], [ 125.378333332217593, 7.799583794456623 ], [ 125.377499998825897, 7.799583794456623 ], [ 125.377499998825897, 7.801250461239818 ], [ 125.3766666654343, 7.801250461239818 ], [ 125.3766666654343, 7.802083794631471 ], [ 125.375833332042703, 7.802083794631471 ], [ 125.375833332042703, 7.802917128023069 ], [ 125.374999998651106, 7.802917128023069 ], [ 125.374999998651106, 7.803750461414722 ], [ 125.374166665259494, 7.803750461414722 ], [ 125.374166665259494, 7.807917127473502 ], [ 125.371666665084604, 7.807917127473502 ], [ 125.371666665084604, 7.808750460865099 ], [ 125.370833331693007, 7.808750460865099 ], [ 125.370833331693007, 7.809583794256753 ], [ 125.369999998301296, 7.809583794256753 ], [ 125.369999998301296, 7.81041712764835 ], [ 125.369166664909699, 7.81041712764835 ], [ 125.369166664909699, 7.811250461040004 ], [ 125.367499999025796, 7.811250461040004 ], [ 125.367499999025796, 7.813750461214852 ], [ 125.363333332067697, 7.813750461214852 ], [ 125.363333332067697, 7.814583794606506 ], [ 125.359166665109598, 7.814583794606506 ], [ 125.359166665109598, 7.815417127998103 ], [ 125.354999999050705, 7.815417127998103 ], [ 125.354999999050705, 7.816250461389757 ], [ 125.352499998875899, 7.816250461389757 ], [ 125.352499998875899, 7.817083794781354 ], [ 125.347499998526104, 7.817083794781354 ], [ 125.347499998526104, 7.816250461389757 ], [ 125.343333331568004, 7.816250461389757 ], [ 125.343333331568004, 7.815417127998103 ], [ 125.342499998176393, 7.815417127998103 ], [ 125.342499998176393, 7.816250461389757 ], [ 125.341666665684102, 7.816250461389757 ], [ 125.341666665684102, 7.815417127998103 ], [ 125.340833332292505, 7.815417127998103 ], [ 125.340833332292505, 7.814583794606506 ], [ 125.339999998900893, 7.814583794606506 ], [ 125.339999998900893, 7.812083794431601 ], [ 125.339166665509296, 7.812083794431601 ], [ 125.339166665509296, 7.808750460865099 ], [ 125.3383333321176, 7.808750460865099 ], [ 125.3383333321176, 7.807917127473502 ], [ 125.337499998726003, 7.807917127473502 ], [ 125.337499998726003, 7.807083794081905 ], [ 125.335833331942794, 7.807083794081905 ], [ 125.335833331942794, 7.806250460690251 ], [ 125.334999998551197, 7.806250460690251 ], [ 125.334999998551197, 7.80458379480632 ], [ 125.333333331767903, 7.80458379480632 ], [ 125.333333331767903, 7.803750461414722 ], [ 125.331666664984695, 7.803750461414722 ], [ 125.331666664984695, 7.802917128023069 ], [ 125.329999998201401, 7.802917128023069 ], [ 125.329999998201401, 7.802083794631471 ], [ 125.328333332317499, 7.802083794631471 ], [ 125.328333332317499, 7.801250461239818 ], [ 125.326666665534304, 7.801250461239818 ], [ 125.326666665534304, 7.80041712784822 ], [ 125.325833332142693, 7.80041712784822 ], [ 125.325833332142693, 7.799583794456623 ], [ 125.324999998750997, 7.799583794456623 ], [ 125.324999998750997, 7.798750461064969 ], [ 125.323333331967802, 7.798750461064969 ], [ 125.323333331967802, 7.797917127673372 ], [ 125.321666665184495, 7.797917127673372 ], [ 125.321666665184495, 7.797083794281718 ], [ 125.320833331792898, 7.797083794281718 ], [ 125.320833331792898, 7.796250460890121 ], [ 125.3199999984013, 7.796250460890121 ], [ 125.3199999984013, 7.795417127498467 ], [ 125.319166665009703, 7.795417127498467 ], [ 125.319166665009703, 7.79458379410687 ], [ 125.318333331618106, 7.79458379410687 ], [ 125.318333331618106, 7.793750460715216 ], [ 125.316666665734203, 7.793750460715216 ], [ 125.316666665734203, 7.792917128222939 ], [ 125.314999998950796, 7.792917128222939 ], [ 125.314999998950796, 7.791250461439688 ], [ 125.314166665559199, 7.791250461439688 ], [ 125.314166665559199, 7.790417128048091 ], [ 125.313333332167602, 7.790417128048091 ], [ 125.313333332167602, 7.789583794656437 ], [ 125.3099999986011, 7.789583794656437 ], [ 125.3099999986011, 7.78875046126484 ], [ 125.309166665209602, 7.78875046126484 ], [ 125.309166665209602, 7.785417127698338 ], [ 125.303333332367401, 7.785417127698338 ], [ 125.303333332367401, 7.784583794306684 ], [ 125.302499998975804, 7.784583794306684 ], [ 125.302499998975804, 7.783750460915087 ], [ 125.299999998800999, 7.783750460915087 ], [ 125.299999998800999, 7.780417128247905 ], [ 125.297499998626094, 7.780417128247905 ], [ 125.297499998626094, 7.777083794681403 ], [ 125.296666665234497, 7.777083794681403 ], [ 125.296666665234497, 7.775417127898209 ], [ 125.294999998451203, 7.775417127898209 ], [ 125.294999998451203, 7.774583794506555 ], [ 125.294166665059606, 7.774583794506555 ], [ 125.294166665059606, 7.773750461114958 ], [ 125.293333331667995, 7.773750461114958 ], [ 125.293333331667995, 7.772917127723304 ], [ 125.290833332392495, 7.772917127723304 ], [ 125.290833332392495, 7.773750461114958 ], [ 125.287499998825993, 7.773750461114958 ], [ 125.287499998825993, 7.772917127723304 ], [ 125.286666665434396, 7.772917127723304 ], [ 125.286666665434396, 7.773750461114958 ], [ 125.285833332042699, 7.773750461114958 ], [ 125.285833332042699, 7.775417127898209 ], [ 125.284999998651102, 7.775417127898209 ], [ 125.284999998651102, 7.777083794681403 ], [ 125.284166665259505, 7.777083794681403 ], [ 125.284166665259505, 7.777917128073057 ], [ 125.283333331867894, 7.777917128073057 ], [ 125.283333331867894, 7.778750461464654 ], [ 125.282499998476197, 7.778750461464654 ], [ 125.282499998476197, 7.779583794856308 ], [ 125.279166664909695, 7.779583794856308 ], [ 125.279166664909695, 7.782083794131836 ], [ 125.278333332417503, 7.782083794131836 ], [ 125.278333332417503, 7.783750460915087 ], [ 125.277499999025906, 7.783750460915087 ], [ 125.277499999025906, 7.784583794306684 ], [ 125.275833332242499, 7.784583794306684 ], [ 125.275833332242499, 7.786250461089935 ], [ 125.274999998850902, 7.786250461089935 ], [ 125.274999998850902, 7.787083794481589 ], [ 125.274166665459404, 7.787083794481589 ], [ 125.274166665459404, 7.789583794656437 ], [ 125.273333332067594, 7.789583794656437 ], [ 125.273333332067594, 7.792917128222939 ], [ 125.272499998675997, 7.792917128222939 ], [ 125.272499998675997, 7.793750460715216 ], [ 125.270833331892902, 7.793750460715216 ], [ 125.270833331892902, 7.795417127498467 ], [ 125.269999998501305, 7.795417127498467 ], [ 125.269999998501305, 7.797083794281718 ], [ 125.269166665109495, 7.797083794281718 ], [ 125.269166665109495, 7.797917127673372 ], [ 125.268333331717898, 7.797917127673372 ], [ 125.268333331717898, 7.798750461064969 ], [ 125.267499998326301, 7.798750461064969 ], [ 125.267499998326301, 7.799583794456623 ], [ 125.266666664934803, 7.799583794456623 ], [ 125.266666664934803, 7.80041712784822 ], [ 125.265833331543007, 7.80041712784822 ], [ 125.265833331543007, 7.801250461239818 ], [ 125.264999999050801, 7.801250461239818 ], [ 125.264999999050801, 7.802917128023069 ], [ 125.263333332267507, 7.802917128023069 ], [ 125.263333332267507, 7.803750461414722 ], [ 125.260833332092702, 7.803750461414722 ], [ 125.260833332092702, 7.80458379480632 ], [ 125.259166665309394, 7.80458379480632 ], [ 125.259166665309394, 7.806250460690251 ], [ 125.258333331917797, 7.806250460690251 ], [ 125.258333331917797, 7.808750460865099 ], [ 125.255833331742906, 7.808750460865099 ], [ 125.255833331742906, 7.807917127473502 ], [ 125.254999998351295, 7.807917127473502 ], [ 125.254999998351295, 7.805417128197973 ], [ 125.254166664959698, 7.805417128197973 ], [ 125.254166664959698, 7.803750461414722 ], [ 125.253333331568101, 7.803750461414722 ], [ 125.253333331568101, 7.802917128023069 ], [ 125.249166665509307, 7.802917128023069 ], [ 125.249166665509307, 7.802083794631471 ], [ 125.248333332117696, 7.802083794631471 ], [ 125.248333332117696, 7.801250461239818 ], [ 125.247499998725999, 7.801250461239818 ], [ 125.247499998725999, 7.799583794456623 ], [ 125.246666665334402, 7.799583794456623 ], [ 125.246666665334402, 7.798750461064969 ], [ 125.247499998725999, 7.798750461064969 ], [ 125.247499998725999, 7.797917127673372 ], [ 125.248333332117696, 7.797917127673372 ], [ 125.248333332117696, 7.797083794281718 ], [ 125.249166665509307, 7.797083794281718 ], [ 125.249166665509307, 7.792083794831342 ], [ 125.248333332117696, 7.792083794831342 ], [ 125.248333332117696, 7.790417128048091 ], [ 125.246666665334402, 7.790417128048091 ], [ 125.246666665334402, 7.789583794656437 ], [ 125.244999998551194, 7.789583794656437 ], [ 125.244999998551194, 7.78875046126484 ], [ 125.244166665159597, 7.78875046126484 ], [ 125.244166665159597, 7.785417127698338 ], [ 125.241666664984706, 7.785417127698338 ], [ 125.241666664984706, 7.784583794306684 ], [ 125.240833331593095, 7.784583794306684 ], [ 125.240833331593095, 7.783750460915087 ], [ 125.238333332317396, 7.783750460915087 ], [ 125.238333332317396, 7.781250460740239 ], [ 125.237499998925799, 7.781250460740239 ], [ 125.237499998925799, 7.776250461289806 ], [ 125.236666665534202, 7.776250461289806 ], [ 125.236666665534202, 7.775417127898209 ], [ 125.235833332142704, 7.775417127898209 ], [ 125.235833332142704, 7.774583794506555 ], [ 125.234999998751107, 7.774583794506555 ], [ 125.234999998751107, 7.773750461114958 ], [ 125.2333333319677, 7.773750461114958 ], [ 125.2333333319677, 7.772083794331707 ], [ 125.232499998576202, 7.772083794331707 ], [ 125.232499998576202, 7.771250460940053 ], [ 125.230833331792795, 7.771250460940053 ], [ 125.230833331792795, 7.767083794881273 ], [ 125.229999998401198, 7.767083794881273 ], [ 125.229999998401198, 7.764583794706425 ], [ 125.230833331792795, 7.764583794706425 ], [ 125.230833331792795, 7.762917127923174 ], [ 125.229999998401198, 7.762917127923174 ], [ 125.229999998401198, 7.761250461139923 ], [ 125.2291666650096, 7.761250461139923 ], [ 125.2291666650096, 7.759583794356672 ], [ 125.228333331618103, 7.759583794356672 ], [ 125.228333331618103, 7.757917127573421 ], [ 125.226666665734101, 7.757917127573421 ], [ 125.226666665734101, 7.757083794181824 ], [ 125.225833332342503, 7.757083794181824 ], [ 125.225833332342503, 7.754583794906239 ], [ 125.226666665734101, 7.754583794906239 ], [ 125.226666665734101, 7.752917128122988 ], [ 125.227499998226506, 7.752917128122988 ], [ 125.227499998226506, 7.752083794731391 ], [ 125.228333331618103, 7.752083794731391 ], [ 125.228333331618103, 7.745417127598387 ], [ 125.227499998226506, 7.745417127598387 ], [ 125.227499998226506, 7.743750460815136 ], [ 125.226666665734101, 7.743750460815136 ], [ 125.226666665734101, 7.739583794756356 ], [ 125.227499998226506, 7.739583794756356 ], [ 125.227499998226506, 7.737917127973105 ], [ 125.228333331618103, 7.737917127973105 ], [ 125.228333331618103, 7.732917127623409 ], [ 125.226666665734101, 7.732917127623409 ], [ 125.226666665734101, 7.732083794231755 ], [ 125.225833332342503, 7.732083794231755 ], [ 125.225833332342503, 7.731250460840158 ], [ 125.224999998950807, 7.731250460840158 ], [ 125.224999998950807, 7.730417127448504 ], [ 125.224166665559196, 7.730417127448504 ], [ 125.224166665559196, 7.729583794056907 ], [ 125.222499998776001, 7.729583794056907 ], [ 125.222499998776001, 7.727083794781379 ], [ 125.223333332167599, 7.727083794781379 ], [ 125.223333332167599, 7.721250461039972 ], [ 125.224166665559196, 7.721250461039972 ], [ 125.224166665559196, 7.716250461589596 ], [ 125.223333332167599, 7.716250461589596 ], [ 125.223333332167599, 7.713750461414691 ], [ 125.222499998776001, 7.713750461414691 ], [ 125.222499998776001, 7.712917128023094 ], [ 125.221666665384404, 7.712917128023094 ], [ 125.221666665384404, 7.71208379463144 ], [ 125.220833331992694, 7.71208379463144 ], [ 125.220833331992694, 7.711250461239843 ], [ 125.219999998601097, 7.711250461239843 ], [ 125.219999998601097, 7.710417127848245 ], [ 125.218333331817902, 7.710417127848245 ], [ 125.218333331817902, 7.708750461064994 ], [ 125.217499998426206, 7.708750461064994 ], [ 125.217499998426206, 7.707917127673341 ], [ 125.216666665034595, 7.707917127673341 ], [ 125.216666665034595, 7.707083794281743 ], [ 125.215833331642997, 7.707083794281743 ], [ 125.215833331642997, 7.704583794106839 ], [ 125.2149999982514, 7.704583794106839 ], [ 125.2149999982514, 7.703750461614561 ], [ 125.215833331642997, 7.703750461614561 ], [ 125.215833331642997, 7.70208379483131 ], [ 125.2149999982514, 7.70208379483131 ], [ 125.2149999982514, 7.701250461439713 ], [ 125.215833331642997, 7.701250461439713 ], [ 125.215833331642997, 7.699583794656462 ], [ 125.216666665034595, 7.699583794656462 ], [ 125.216666665034595, 7.697083794481557 ], [ 125.215833331642997, 7.697083794481557 ], [ 125.215833331642997, 7.69625046108996 ], [ 125.2149999982514, 7.69625046108996 ], [ 125.2149999982514, 7.695417127698306 ], [ 125.214166665759095, 7.695417127698306 ], [ 125.214166665759095, 7.693750460915112 ], [ 125.213333332367498, 7.693750460915112 ], [ 125.213333332367498, 7.692917127523458 ], [ 125.2124999989759, 7.692917127523458 ], [ 125.2124999989759, 7.691250460740207 ], [ 125.210833332192607, 7.691250460740207 ], [ 125.210833332192607, 7.689583794856276 ], [ 125.209999998800996, 7.689583794856276 ], [ 125.209999998800996, 7.688750461464679 ], [ 125.209166665409398, 7.688750461464679 ], [ 125.209166665409398, 7.686250461289831 ], [ 125.208333332017702, 7.686250461289831 ], [ 125.208333332017702, 7.685417127898177 ], [ 125.207499998626105, 7.685417127898177 ], [ 125.207499998626105, 7.683750461114926 ], [ 125.206666665234494, 7.683750461114926 ], [ 125.206666665234494, 7.680417127548424 ], [ 125.204999998451299, 7.680417127548424 ], [ 125.204999998451299, 7.679583794156827 ], [ 125.203333331668006, 7.679583794156827 ], [ 125.203333331668006, 7.678750460765173 ], [ 125.202499998276394, 7.678750460765173 ], [ 125.202499998276394, 7.676250461489644 ], [ 125.201666665784103, 7.676250461489644 ], [ 125.201666665784103, 7.674583794706393 ], [ 125.200833332392506, 7.674583794706393 ], [ 125.200833332392506, 7.672083794531545 ], [ 125.204999998451299, 7.672083794531545 ], [ 125.204999998451299, 7.671250461139891 ], [ 125.205833331842896, 7.671250461139891 ], [ 125.205833331842896, 7.670417127748294 ], [ 125.207499998626105, 7.670417127748294 ], [ 125.207499998626105, 7.669583794356697 ], [ 125.209166665409398, 7.669583794356697 ], [ 125.209166665409398, 7.667917127573446 ], [ 125.209999998800996, 7.667917127573446 ], [ 125.209999998800996, 7.667083794181792 ], [ 125.2124999989759, 7.667083794181792 ], [ 125.2124999989759, 7.666250460790195 ], [ 125.215833331642997, 7.666250460790195 ], [ 125.215833331642997, 7.667083794181792 ], [ 125.218333331817902, 7.667083794181792 ], [ 125.218333331817902, 7.666250460790195 ], [ 125.219166665209499, 7.666250460790195 ], [ 125.219166665209499, 7.665417128297861 ], [ 125.222499998776001, 7.665417128297861 ], [ 125.222499998776001, 7.664583794906264 ], [ 125.224999998950807, 7.664583794906264 ], [ 125.224999998950807, 7.66375046151461 ], [ 125.225833332342503, 7.66375046151461 ], [ 125.225833332342503, 7.662917128123013 ], [ 125.228333331618103, 7.662917128123013 ], [ 125.228333331618103, 7.662083794731416 ], [ 125.2291666650096, 7.662083794731416 ], [ 125.2291666650096, 7.661250461339762 ], [ 125.230833331792795, 7.661250461339762 ], [ 125.230833331792795, 7.662083794731416 ], [ 125.232499998576202, 7.662083794731416 ], [ 125.232499998576202, 7.662917128123013 ], [ 125.234166665359297, 7.662917128123013 ], [ 125.234166665359297, 7.662083794731416 ], [ 125.234999998751107, 7.662083794731416 ], [ 125.234999998751107, 7.661250461339762 ], [ 125.237499998925799, 7.661250461339762 ], [ 125.237499998925799, 7.662083794731416 ], [ 125.239999999100803, 7.662083794731416 ], [ 125.239999999100803, 7.659583794556511 ], [ 125.239166665709206, 7.659583794556511 ], [ 125.239166665709206, 7.657083794381663 ], [ 125.238333332317396, 7.657083794381663 ], [ 125.238333332317396, 7.653750460815161 ], [ 125.237499998925799, 7.653750460815161 ], [ 125.237499998925799, 7.65208379493123 ], [ 125.236666665534202, 7.65208379493123 ], [ 125.236666665534202, 7.650417128147979 ], [ 125.235833332142704, 7.650417128147979 ], [ 125.235833332142704, 7.648750461364728 ], [ 125.234999998751107, 7.648750461364728 ], [ 125.234999998751107, 7.645417127798282 ], [ 125.235833332142704, 7.645417127798282 ], [ 125.235833332142704, 7.643750461015031 ], [ 125.236666665534202, 7.643750461015031 ], [ 125.236666665534202, 7.642917127623377 ], [ 125.237499998925799, 7.642917127623377 ], [ 125.237499998925799, 7.64208379423178 ], [ 125.238333332317396, 7.64208379423178 ], [ 125.238333332317396, 7.641250460840126 ], [ 125.239166665709206, 7.641250460840126 ], [ 125.239166665709206, 7.637083794781347 ], [ 125.238333332317396, 7.637083794781347 ], [ 125.238333332317396, 7.635417127998096 ], [ 125.239166665709206, 7.635417127998096 ], [ 125.239166665709206, 7.634583794606499 ], [ 125.239999999100803, 7.634583794606499 ], [ 125.239999999100803, 7.632917127823248 ], [ 125.239166665709206, 7.632917127823248 ], [ 125.239166665709206, 7.626250461589564 ], [ 125.239999999100803, 7.626250461589564 ], [ 125.239999999100803, 7.624583794806313 ], [ 125.240833331593095, 7.624583794806313 ], [ 125.240833331593095, 7.620417127848214 ], [ 125.239999999100803, 7.620417127848214 ], [ 125.239999999100803, 7.619583794456617 ], [ 125.239166665709206, 7.619583794456617 ], [ 125.239166665709206, 7.618750461064963 ], [ 125.238333332317396, 7.618750461064963 ], [ 125.238333332317396, 7.617917127673366 ], [ 125.237499998925799, 7.617917127673366 ], [ 125.237499998925799, 7.617083794281712 ], [ 125.236666665534202, 7.617083794281712 ], [ 125.236666665534202, 7.616250460890115 ], [ 125.235833332142704, 7.616250460890115 ], [ 125.235833332142704, 7.615417127498461 ], [ 125.234999998751107, 7.615417127498461 ], [ 125.234999998751107, 7.614583794106864 ], [ 125.234166665359297, 7.614583794106864 ], [ 125.234166665359297, 7.612917128222932 ], [ 125.2333333319677, 7.612917128222932 ], [ 125.2333333319677, 7.612083794831335 ], [ 125.231666665184605, 7.612083794831335 ], [ 125.231666665184605, 7.608750461264833 ], [ 125.232499998576202, 7.608750461264833 ], [ 125.232499998576202, 7.607917127873179 ], [ 125.234166665359297, 7.607917127873179 ], [ 125.234166665359297, 7.607083794481582 ], [ 125.2333333319677, 7.607083794481582 ], [ 125.2333333319677, 7.604583794306734 ], [ 125.234166665359297, 7.604583794306734 ], [ 125.234166665359297, 7.60375046091508 ], [ 125.235833332142704, 7.60375046091508 ], [ 125.235833332142704, 7.602083794131829 ], [ 125.234999998751107, 7.602083794131829 ], [ 125.234999998751107, 7.601250461639552 ], [ 125.234166665359297, 7.601250461639552 ], [ 125.234166665359297, 7.59791712807305 ], [ 125.2333333319677, 7.59791712807305 ], [ 125.2333333319677, 7.597083794681453 ], [ 125.231666665184605, 7.597083794681453 ], [ 125.231666665184605, 7.596250461289799 ], [ 125.230833331792795, 7.596250461289799 ], [ 125.230833331792795, 7.594583794506548 ], [ 125.2291666650096, 7.594583794506548 ], [ 125.2291666650096, 7.593750461114951 ], [ 125.228333331618103, 7.593750461114951 ], [ 125.228333331618103, 7.592917127723297 ], [ 125.227499998226506, 7.592917127723297 ], [ 125.227499998226506, 7.5920837943317 ], [ 125.225833332342503, 7.5920837943317 ], [ 125.225833332342503, 7.591250460940046 ], [ 125.224166665559196, 7.591250460940046 ], [ 125.224166665559196, 7.590417127548449 ], [ 125.223333332167599, 7.590417127548449 ], [ 125.223333332167599, 7.589583794156852 ], [ 125.222499998776001, 7.589583794156852 ], [ 125.222499998776001, 7.586250461489669 ], [ 125.223333332167599, 7.586250461489669 ], [ 125.223333332167599, 7.585417128098015 ], [ 125.222499998776001, 7.585417128098015 ], [ 125.222499998776001, 7.583750461314764 ], [ 125.219999998601097, 7.583750461314764 ], [ 125.219999998601097, 7.584583794706418 ], [ 125.219166665209499, 7.584583794706418 ], [ 125.219166665209499, 7.585417128098015 ], [ 125.217499998426206, 7.585417128098015 ], [ 125.217499998426206, 7.582083794531513 ], [ 125.216666665034595, 7.582083794531513 ], [ 125.216666665034595, 7.580417127748319 ], [ 125.215833331642997, 7.580417127748319 ], [ 125.215833331642997, 7.577917127573414 ], [ 125.2149999982514, 7.577917127573414 ], [ 125.2149999982514, 7.576250460790163 ], [ 125.215833331642997, 7.576250460790163 ], [ 125.215833331642997, 7.571250461339787 ], [ 125.2149999982514, 7.571250461339787 ], [ 125.2149999982514, 7.562917128322852 ], [ 125.214166665759095, 7.562917128322852 ], [ 125.214166665759095, 7.562083794931255 ], [ 125.210833332192607, 7.562083794931255 ], [ 125.210833332192607, 7.561250461539601 ], [ 125.209999998800996, 7.561250461539601 ], [ 125.209999998800996, 7.560417128148004 ], [ 125.207499998626105, 7.560417128148004 ], [ 125.207499998626105, 7.561250461539601 ], [ 125.206666665234494, 7.561250461539601 ], [ 125.206666665234494, 7.562083794931255 ], [ 125.205833331842896, 7.562083794931255 ], [ 125.205833331842896, 7.563750460815186 ], [ 125.202499998276394, 7.563750460815186 ], [ 125.202499998276394, 7.565417127598437 ], [ 125.201666665784103, 7.565417127598437 ], [ 125.201666665784103, 7.566250460990034 ], [ 125.194999998650999, 7.566250460990034 ], [ 125.194999998650999, 7.567083794381631 ], [ 125.193333331867905, 7.567083794381631 ], [ 125.193333331867905, 7.566250460990034 ], [ 125.191666665084497, 7.566250460990034 ], [ 125.191666665084497, 7.565417127598437 ], [ 125.189999998301403, 7.565417127598437 ], [ 125.189999998301403, 7.564583794206783 ], [ 125.189166664909806, 7.564583794206783 ], [ 125.189166664909806, 7.563750460815186 ], [ 125.1883333324174, 7.563750460815186 ], [ 125.1883333324174, 7.562917128322852 ], [ 125.187499999025803, 7.562917128322852 ], [ 125.187499999025803, 7.562083794931255 ], [ 125.186666665634206, 7.562083794931255 ], [ 125.186666665634206, 7.560417128148004 ], [ 125.185833332242495, 7.560417128148004 ], [ 125.185833332242495, 7.556250461189904 ], [ 125.184999998850898, 7.556250461189904 ], [ 125.184999998850898, 7.553750461015 ], [ 125.183333332067704, 7.553750461015 ], [ 125.183333332067704, 7.550417128347817 ], [ 125.187499999025803, 7.550417128347817 ], [ 125.187499999025803, 7.54958379495622 ], [ 125.1883333324174, 7.54958379495622 ], [ 125.1883333324174, 7.548750461564623 ], [ 125.189166664909806, 7.548750461564623 ], [ 125.189166664909806, 7.547917128172969 ], [ 125.189999998301403, 7.547917128172969 ], [ 125.189999998301403, 7.546250461389718 ], [ 125.196666665434407, 7.546250461389718 ], [ 125.196666665434407, 7.547083794781372 ], [ 125.197499998826004, 7.547083794781372 ], [ 125.197499998826004, 7.545417127998121 ], [ 125.200833332392506, 7.545417127998121 ], [ 125.200833332392506, 7.544583794606467 ], [ 125.201666665784103, 7.544583794606467 ], [ 125.201666665784103, 7.539583794256771 ], [ 125.202499998276394, 7.539583794256771 ], [ 125.202499998276394, 7.538750460865117 ], [ 125.204999998451299, 7.538750460865117 ], [ 125.204999998451299, 7.53791712747352 ], [ 125.205833331842896, 7.53791712747352 ], [ 125.205833331842896, 7.537083794981186 ], [ 125.206666665234494, 7.537083794981186 ], [ 125.206666665234494, 7.533750461414684 ], [ 125.208333332017702, 7.533750461414684 ], [ 125.208333332017702, 7.532917128023087 ], [ 125.209166665409398, 7.532917128023087 ], [ 125.209166665409398, 7.53208379463149 ], [ 125.211666665584204, 7.53208379463149 ], [ 125.211666665584204, 7.529583794456585 ], [ 125.210833332192607, 7.529583794456585 ], [ 125.210833332192607, 7.528750461064988 ], [ 125.209999998800996, 7.528750461064988 ], [ 125.209999998800996, 7.527917127673334 ], [ 125.209166665409398, 7.527917127673334 ], [ 125.209166665409398, 7.523750461614554 ], [ 125.209999998800996, 7.523750461614554 ], [ 125.209999998800996, 7.522083794831303 ], [ 125.210833332192607, 7.522083794831303 ], [ 125.210833332192607, 7.519583794656455 ], [ 125.209999998800996, 7.519583794656455 ], [ 125.209999998800996, 7.51708379448155 ], [ 125.209166665409398, 7.51708379448155 ], [ 125.209166665409398, 7.514583794306702 ], [ 125.208333332017702, 7.514583794306702 ], [ 125.208333332017702, 7.512917127523451 ], [ 125.207499998626105, 7.512917127523451 ], [ 125.207499998626105, 7.510417128247923 ], [ 125.208333332017702, 7.510417128247923 ], [ 125.208333332017702, 7.509583794856269 ], [ 125.209166665409398, 7.509583794856269 ], [ 125.209166665409398, 7.507917128073075 ], [ 125.209999998800996, 7.507917128073075 ], [ 125.209999998800996, 7.504583794506573 ], [ 125.211666665584204, 7.504583794506573 ], [ 125.211666665584204, 7.503750461114919 ], [ 125.214166665759095, 7.503750461114919 ], [ 125.214166665759095, 7.504583794506573 ], [ 125.217499998426206, 7.504583794506573 ], [ 125.217499998426206, 7.50541712789817 ], [ 125.221666665384404, 7.50541712789817 ], [ 125.221666665384404, 7.504583794506573 ], [ 125.223333332167599, 7.504583794506573 ], [ 125.223333332167599, 7.503750461114919 ], [ 125.224166665559196, 7.503750461114919 ], [ 125.224166665559196, 7.504583794506573 ], [ 125.225833332342503, 7.504583794506573 ], [ 125.225833332342503, 7.502917127723322 ], [ 125.226666665734101, 7.502917127723322 ], [ 125.226666665734101, 7.502083794331668 ], [ 125.227499998226506, 7.502083794331668 ], [ 125.227499998226506, 7.501250460940071 ], [ 125.226666665734101, 7.501250460940071 ], [ 125.226666665734101, 7.498750461664542 ], [ 125.225833332342503, 7.498750461664542 ], [ 125.225833332342503, 7.49541712809804 ], [ 125.227499998226506, 7.49541712809804 ], [ 125.227499998226506, 7.494583794706387 ], [ 125.2291666650096, 7.494583794706387 ], [ 125.2291666650096, 7.49541712809804 ], [ 125.231666665184605, 7.49541712809804 ], [ 125.231666665184605, 7.494583794706387 ], [ 125.2333333319677, 7.494583794706387 ], [ 125.2333333319677, 7.491250461139941 ], [ 125.234166665359297, 7.491250461139941 ], [ 125.234166665359297, 7.490417127748287 ], [ 125.241666664984706, 7.490417127748287 ], [ 125.241666664984706, 7.491250461139941 ], [ 125.2433333317679, 7.491250461139941 ], [ 125.2433333317679, 7.492083794531538 ], [ 125.245833331942805, 7.492083794531538 ], [ 125.245833331942805, 7.491250461139941 ], [ 125.246666665334402, 7.491250461139941 ], [ 125.246666665334402, 7.490417127748287 ], [ 125.248333332117696, 7.490417127748287 ], [ 125.248333332117696, 7.48958379435669 ], [ 125.249999998900904, 7.48958379435669 ], [ 125.249999998900904, 7.488750460965036 ], [ 125.255833331742906, 7.488750460965036 ], [ 125.255833331742906, 7.487917127573439 ], [ 125.254999998351295, 7.487917127573439 ], [ 125.254999998351295, 7.487083794181785 ], [ 125.254166664959698, 7.487083794181785 ], [ 125.254166664959698, 7.485417128297854 ], [ 125.253333331568101, 7.485417128297854 ], [ 125.253333331568101, 7.48375046151466 ], [ 125.252499999075795, 7.48375046151466 ], [ 125.252499999075795, 7.482917128123006 ], [ 125.250833332292501, 7.482917128123006 ], [ 125.250833332292501, 7.482083794731409 ], [ 125.249999998900904, 7.482083794731409 ], [ 125.249999998900904, 7.481250461339755 ], [ 125.248333332117696, 7.481250461339755 ], [ 125.248333332117696, 7.480417127948158 ], [ 125.247499998725999, 7.480417127948158 ], [ 125.247499998725999, 7.479583794556504 ], [ 125.246666665334402, 7.479583794556504 ], [ 125.246666665334402, 7.478750461164907 ], [ 125.244999998551194, 7.478750461164907 ], [ 125.244999998551194, 7.477083794381656 ], [ 125.245833331942805, 7.477083794381656 ], [ 125.245833331942805, 7.476250460990059 ], [ 125.246666665334402, 7.476250460990059 ], [ 125.246666665334402, 7.472083794931223 ], [ 125.247499998725999, 7.472083794931223 ], [ 125.247499998725999, 7.471250461539626 ], [ 125.248333332117696, 7.471250461539626 ], [ 125.248333332117696, 7.470417128147972 ], [ 125.249999998900904, 7.470417128147972 ], [ 125.249999998900904, 7.468750461364721 ], [ 125.250833332292501, 7.468750461364721 ], [ 125.250833332292501, 7.467083794581527 ], [ 125.249999998900904, 7.467083794581527 ], [ 125.249999998900904, 7.466250461189873 ], [ 125.248333332117696, 7.466250461189873 ], [ 125.248333332117696, 7.462917127623371 ], [ 125.249166665509307, 7.462917127623371 ], [ 125.249166665509307, 7.456250461389743 ], [ 125.248333332117696, 7.456250461389743 ], [ 125.248333332117696, 7.454583794606492 ], [ 125.249166665509307, 7.454583794606492 ], [ 125.249166665509307, 7.453750461214838 ], [ 125.249999998900904, 7.453750461214838 ], [ 125.249999998900904, 7.452083794431644 ], [ 125.251666665684198, 7.452083794431644 ], [ 125.251666665684198, 7.450417127648393 ], [ 125.254999998351295, 7.450417127648393 ], [ 125.254999998351295, 7.447083794981211 ], [ 125.254166664959698, 7.447083794981211 ], [ 125.254166664959698, 7.447917128372808 ], [ 125.252499999075795, 7.447917128372808 ], [ 125.252499999075795, 7.447083794981211 ], [ 125.251666665684198, 7.447083794981211 ], [ 125.251666665684198, 7.446250461589557 ], [ 125.248333332117696, 7.446250461589557 ], [ 125.248333332117696, 7.44541712819796 ], [ 125.244999998551194, 7.44541712819796 ], [ 125.244999998551194, 7.444583794806306 ], [ 125.244166665159597, 7.444583794806306 ], [ 125.244166665159597, 7.443750461414709 ], [ 125.239999999100803, 7.443750461414709 ], [ 125.239999999100803, 7.442917128023112 ], [ 125.238333332317396, 7.442917128023112 ], [ 125.238333332317396, 7.440417127848207 ], [ 125.239166665709206, 7.440417127848207 ], [ 125.239166665709206, 7.43958379445661 ], [ 125.240833331593095, 7.43958379445661 ], [ 125.240833331593095, 7.435417127498511 ], [ 125.238333332317396, 7.435417127498511 ], [ 125.238333332317396, 7.426250461089978 ], [ 125.239166665709206, 7.426250461089978 ], [ 125.239166665709206, 7.425417127698324 ], [ 125.239999999100803, 7.425417127698324 ], [ 125.239999999100803, 7.420417128247891 ], [ 125.240833331593095, 7.420417128247891 ], [ 125.240833331593095, 7.418750461464697 ], [ 125.239999999100803, 7.418750461464697 ], [ 125.239999999100803, 7.417083794681446 ], [ 125.238333332317396, 7.417083794681446 ], [ 125.238333332317396, 7.416250461289792 ], [ 125.239166665709206, 7.416250461289792 ], [ 125.239166665709206, 7.414583794506541 ], [ 125.239999999100803, 7.414583794506541 ], [ 125.239999999100803, 7.413750461114944 ], [ 125.240833331593095, 7.413750461114944 ], [ 125.240833331593095, 7.409583795056165 ], [ 125.241666664984706, 7.409583795056165 ], [ 125.241666664984706, 7.408750461664511 ], [ 125.240833331593095, 7.408750461664511 ], [ 125.240833331593095, 7.403750461314814 ], [ 125.239999999100803, 7.403750461314814 ], [ 125.239999999100803, 7.402917127923161 ], [ 125.239166665709206, 7.402917127923161 ], [ 125.239166665709206, 7.400417127748312 ], [ 125.239999999100803, 7.400417127748312 ], [ 125.239999999100803, 7.395417128297879 ], [ 125.239166665709206, 7.395417128297879 ], [ 125.239166665709206, 7.393750461514628 ], [ 125.239999999100803, 7.393750461514628 ], [ 125.239999999100803, 7.392917128123031 ], [ 125.240833331593095, 7.392917128123031 ], [ 125.240833331593095, 7.390417127948126 ], [ 125.239166665709206, 7.390417127948126 ], [ 125.239166665709206, 7.389583794556529 ], [ 125.238333332317396, 7.389583794556529 ], [ 125.238333332317396, 7.388750461164875 ], [ 125.237499998925799, 7.388750461164875 ], [ 125.237499998925799, 7.387917127773278 ], [ 125.236666665534202, 7.387917127773278 ], [ 125.236666665534202, 7.386250460990027 ], [ 125.235833332142704, 7.386250460990027 ], [ 125.235833332142704, 7.38541712759843 ], [ 125.232499998576202, 7.38541712759843 ], [ 125.232499998576202, 7.384583794206776 ], [ 125.231666665184605, 7.384583794206776 ], [ 125.231666665184605, 7.383750461714499 ], [ 125.230833331792795, 7.383750461714499 ], [ 125.230833331792795, 7.382083794931248 ], [ 125.229999998401198, 7.382083794931248 ], [ 125.229999998401198, 7.381250461539594 ], [ 125.228333331618103, 7.381250461539594 ], [ 125.228333331618103, 7.380417128147997 ], [ 125.227499998226506, 7.380417128147997 ], [ 125.227499998226506, 7.3795837947564 ], [ 125.226666665734101, 7.3795837947564 ], [ 125.226666665734101, 7.377917127973149 ], [ 125.225833332342503, 7.377917127973149 ], [ 125.225833332342503, 7.376250461189898 ], [ 125.224999998950807, 7.376250461189898 ], [ 125.224999998950807, 7.371250461739464 ], [ 125.225833332342503, 7.371250461739464 ], [ 125.225833332342503, 7.370417128347867 ], [ 125.227499998226506, 7.370417128347867 ], [ 125.227499998226506, 7.368750461564616 ], [ 125.228333331618103, 7.368750461564616 ], [ 125.228333331618103, 7.366250461389711 ], [ 125.2291666650096, 7.366250461389711 ], [ 125.2291666650096, 7.36458379460646 ], [ 125.229999998401198, 7.36458379460646 ], [ 125.229999998401198, 7.363750461214863 ], [ 125.230833331792795, 7.363750461214863 ], [ 125.230833331792795, 7.362917127823266 ], [ 125.231666665184605, 7.362917127823266 ], [ 125.231666665184605, 7.360417127648361 ], [ 125.230833331792795, 7.360417127648361 ], [ 125.230833331792795, 7.359583794256764 ], [ 125.229999998401198, 7.359583794256764 ], [ 125.229999998401198, 7.356250461589582 ], [ 125.2291666650096, 7.356250461589582 ], [ 125.2291666650096, 7.355417128197985 ], [ 125.228333331618103, 7.355417128197985 ], [ 125.228333331618103, 7.353750461414734 ], [ 125.227499998226506, 7.353750461414734 ], [ 125.227499998226506, 7.351250461239829 ], [ 125.228333331618103, 7.351250461239829 ], [ 125.228333331618103, 7.348750461064981 ], [ 125.2291666650096, 7.348750461064981 ], [ 125.2291666650096, 7.347917127673327 ], [ 125.228333331618103, 7.347917127673327 ], [ 125.228333331618103, 7.345417128397799 ], [ 125.2291666650096, 7.345417128397799 ], [ 125.2291666650096, 7.343750461614548 ], [ 125.229999998401198, 7.343750461614548 ], [ 125.229999998401198, 7.342083794831297 ], [ 125.230833331792795, 7.342083794831297 ], [ 125.230833331792795, 7.337917127873197 ], [ 125.2291666650096, 7.337917127873197 ], [ 125.2291666650096, 7.336250461089946 ], [ 125.229999998401198, 7.336250461089946 ], [ 125.229999998401198, 7.335417127698349 ], [ 125.231666665184605, 7.335417127698349 ], [ 125.231666665184605, 7.334583794306695 ], [ 125.232499998576202, 7.334583794306695 ], [ 125.232499998576202, 7.335417127698349 ], [ 125.2333333319677, 7.335417127698349 ], [ 125.2333333319677, 7.334583794306695 ], [ 125.234999998751107, 7.334583794306695 ], [ 125.234999998751107, 7.335417127698349 ], [ 125.236666665534202, 7.335417127698349 ], [ 125.236666665534202, 7.336250461089946 ], [ 125.237499998925799, 7.336250461089946 ], [ 125.237499998925799, 7.334583794306695 ], [ 125.238333332317396, 7.334583794306695 ], [ 125.238333332317396, 7.333750460915098 ], [ 125.239166665709206, 7.333750460915098 ], [ 125.239166665709206, 7.332917128422764 ], [ 125.239999999100803, 7.332917128422764 ], [ 125.239999999100803, 7.332083795031167 ], [ 125.241666664984706, 7.332083795031167 ], [ 125.241666664984706, 7.33125046163957 ], [ 125.242499998376303, 7.33125046163957 ], [ 125.242499998376303, 7.330417128247916 ], [ 125.241666664984706, 7.330417128247916 ], [ 125.241666664984706, 7.327917128073068 ], [ 125.240833331593095, 7.327917128073068 ], [ 125.240833331593095, 7.320417127548467 ], [ 125.239999999100803, 7.320417127548467 ], [ 125.239999999100803, 7.318750461664536 ], [ 125.238333332317396, 7.318750461664536 ], [ 125.238333332317396, 7.315417128098034 ], [ 125.241666664984706, 7.315417128098034 ], [ 125.241666664984706, 7.313750461314783 ], [ 125.2433333317679, 7.313750461314783 ], [ 125.2433333317679, 7.312917127923186 ], [ 125.242499998376303, 7.312917127923186 ], [ 125.242499998376303, 7.30875046096503 ], [ 125.244999998551194, 7.30875046096503 ], [ 125.244999998551194, 7.307083795081098 ], [ 125.248333332117696, 7.307083795081098 ], [ 125.248333332117696, 7.306250461689501 ], [ 125.249999998900904, 7.306250461689501 ], [ 125.249999998900904, 7.305417128297904 ], [ 125.250833332292501, 7.305417128297904 ], [ 125.250833332292501, 7.30458379490625 ], [ 125.251666665684198, 7.30458379490625 ], [ 125.251666665684198, 7.303750461514653 ], [ 125.252499999075795, 7.303750461514653 ], [ 125.252499999075795, 7.297083794381649 ], [ 125.251666665684198, 7.297083794381649 ], [ 125.251666665684198, 7.295417127598398 ], [ 125.250833332292501, 7.295417127598398 ], [ 125.250833332292501, 7.290417128148022 ], [ 125.249166665509307, 7.290417128148022 ], [ 125.249166665509307, 7.288750461364771 ], [ 125.248333332117696, 7.288750461364771 ], [ 125.248333332117696, 7.287917127973117 ], [ 125.245833331942805, 7.287917127973117 ], [ 125.245833331942805, 7.285417127798269 ], [ 125.244999998551194, 7.285417127798269 ], [ 125.244999998551194, 7.284583794406615 ], [ 125.244166665159597, 7.284583794406615 ], [ 125.244166665159597, 7.283750461015018 ], [ 125.2433333317679, 7.283750461015018 ], [ 125.2433333317679, 7.282917127623364 ], [ 125.242499998376303, 7.282917127623364 ], [ 125.242499998376303, 7.280417128347835 ], [ 125.241666664984706, 7.280417128347835 ], [ 125.241666664984706, 7.277083794781333 ], [ 125.242499998376303, 7.277083794781333 ], [ 125.242499998376303, 7.276250461389736 ], [ 125.247499998725999, 7.276250461389736 ], [ 125.247499998725999, 7.275417127998082 ], [ 125.248333332117696, 7.275417127998082 ], [ 125.248333332117696, 7.272917127823234 ], [ 125.249166665509307, 7.272917127823234 ], [ 125.249166665509307, 7.271250461039983 ], [ 125.249999998900904, 7.271250461039983 ], [ 125.249999998900904, 7.267917128372801 ], [ 125.250833332292501, 7.267917128372801 ], [ 125.250833332292501, 7.267083794981204 ], [ 125.251666665684198, 7.267083794981204 ], [ 125.251666665684198, 7.265417128197953 ], [ 125.250833332292501, 7.265417128197953 ], [ 125.250833332292501, 7.263750461414702 ], [ 125.249166665509307, 7.263750461414702 ], [ 125.249166665509307, 7.261250461239854 ], [ 125.249999998900904, 7.261250461239854 ], [ 125.249999998900904, 7.2604171278482 ], [ 125.249166665509307, 7.2604171278482 ], [ 125.249166665509307, 7.259583794456603 ], [ 125.247499998725999, 7.259583794456603 ], [ 125.247499998725999, 7.258750461064949 ], [ 125.244999998551194, 7.258750461064949 ], [ 125.244999998551194, 7.259583794456603 ], [ 125.242499998376303, 7.259583794456603 ], [ 125.242499998376303, 7.257083794281755 ], [ 125.240833331593095, 7.257083794281755 ], [ 125.240833331593095, 7.256250461789421 ], [ 125.239999999100803, 7.256250461789421 ], [ 125.239999999100803, 7.255417128397824 ], [ 125.238333332317396, 7.255417128397824 ], [ 125.238333332317396, 7.25458379500617 ], [ 125.236666665534202, 7.25458379500617 ], [ 125.236666665534202, 7.253750461614573 ], [ 125.234166665359297, 7.253750461614573 ], [ 125.234166665359297, 7.251250461439668 ], [ 125.232499998576202, 7.251250461439668 ], [ 125.232499998576202, 7.250417128048071 ], [ 125.231666665184605, 7.250417128048071 ], [ 125.231666665184605, 7.247083794481569 ], [ 125.2333333319677, 7.247083794481569 ], [ 125.2333333319677, 7.246250461089971 ], [ 125.234166665359297, 7.246250461089971 ], [ 125.234166665359297, 7.241250461639538 ], [ 125.234999998751107, 7.241250461639538 ], [ 125.234999998751107, 7.240417128247941 ], [ 125.235833332142704, 7.240417128247941 ], [ 125.235833332142704, 7.239583794856287 ], [ 125.236666665534202, 7.239583794856287 ], [ 125.236666665534202, 7.235417127898188 ], [ 125.235833332142704, 7.235417127898188 ], [ 125.235833332142704, 7.234583794506534 ], [ 125.234999998751107, 7.234583794506534 ], [ 125.234999998751107, 7.233750461114937 ], [ 125.234166665359297, 7.233750461114937 ], [ 125.234166665359297, 7.23291712772334 ], [ 125.2333333319677, 7.23291712772334 ], [ 125.2333333319677, 7.232083794331686 ], [ 125.232499998576202, 7.232083794331686 ], [ 125.232499998576202, 7.231250460940089 ], [ 125.231666665184605, 7.231250460940089 ], [ 125.231666665184605, 7.230417128447755 ], [ 125.229999998401198, 7.230417128447755 ], [ 125.229999998401198, 7.229583795056158 ], [ 125.226666665734101, 7.229583795056158 ], [ 125.226666665734101, 7.227917128272907 ], [ 125.225833332342503, 7.227917128272907 ], [ 125.225833332342503, 7.226250461489656 ], [ 125.224999998950807, 7.226250461489656 ], [ 125.224999998950807, 7.224583794706405 ], [ 125.225833332342503, 7.224583794706405 ], [ 125.225833332342503, 7.222917127923154 ], [ 125.224999998950807, 7.222917127923154 ], [ 125.224999998950807, 7.218750460965055 ], [ 125.225833332342503, 7.218750460965055 ], [ 125.225833332342503, 7.216250461689526 ], [ 125.224999998950807, 7.216250461689526 ], [ 125.224999998950807, 7.215417128297872 ], [ 125.222499998776001, 7.215417128297872 ], [ 125.222499998776001, 7.214583794906275 ], [ 125.220833331992694, 7.214583794906275 ], [ 125.220833331992694, 7.213750461514621 ], [ 125.217499998426206, 7.213750461514621 ], [ 125.217499998426206, 7.214583794906275 ], [ 125.215833331642997, 7.214583794906275 ], [ 125.215833331642997, 7.215417128297872 ], [ 125.2149999982514, 7.215417128297872 ], [ 125.2149999982514, 7.216250461689526 ], [ 125.213333332367498, 7.216250461689526 ], [ 125.213333332367498, 7.214583794906275 ], [ 125.2124999989759, 7.214583794906275 ], [ 125.2124999989759, 7.21208379473137 ], [ 125.210833332192607, 7.21208379473137 ], [ 125.210833332192607, 7.211250461339773 ], [ 125.209999998800996, 7.211250461339773 ], [ 125.209999998800996, 7.210417127948119 ], [ 125.209166665409398, 7.210417127948119 ], [ 125.209166665409398, 7.209583794556522 ], [ 125.208333332017702, 7.209583794556522 ], [ 125.208333332017702, 7.208750461164925 ], [ 125.207499998626105, 7.208750461164925 ], [ 125.207499998626105, 7.205417127598423 ], [ 125.208333332017702, 7.205417127598423 ], [ 125.208333332017702, 7.204583795106089 ], [ 125.207499998626105, 7.204583795106089 ], [ 125.207499998626105, 7.199583794756393 ], [ 125.206666665234494, 7.199583794756393 ], [ 125.206666665234494, 7.197917127973142 ], [ 125.205833331842896, 7.197917127973142 ], [ 125.205833331842896, 7.197083794581488 ], [ 125.206666665234494, 7.197083794581488 ], [ 125.206666665234494, 7.19458379440664 ], [ 125.205833331842896, 7.19458379440664 ], [ 125.205833331842896, 7.192917127623389 ], [ 125.204999998451299, 7.192917127623389 ], [ 125.204999998451299, 7.192083795131111 ], [ 125.204166665059603, 7.192083795131111 ], [ 125.204166665059603, 7.188750461564609 ], [ 125.204999998451299, 7.188750461564609 ], [ 125.204999998451299, 7.185417127998107 ], [ 125.205833331842896, 7.185417127998107 ], [ 125.205833331842896, 7.183750461214856 ], [ 125.206666665234494, 7.183750461214856 ], [ 125.206666665234494, 7.182917127823259 ], [ 125.207499998626105, 7.182917127823259 ], [ 125.207499998626105, 7.182083794431605 ], [ 125.209166665409398, 7.182083794431605 ], [ 125.209166665409398, 7.182917127823259 ], [ 125.211666665584204, 7.182917127823259 ], [ 125.211666665584204, 7.182083794431605 ], [ 125.2124999989759, 7.182083794431605 ], [ 125.2124999989759, 7.178750461764423 ], [ 125.211666665584204, 7.178750461764423 ], [ 125.211666665584204, 7.177083794981229 ], [ 125.213333332367498, 7.177083794981229 ], [ 125.213333332367498, 7.175417128197978 ], [ 125.216666665034595, 7.175417128197978 ], [ 125.216666665034595, 7.174583794806324 ], [ 125.217499998426206, 7.174583794806324 ], [ 125.217499998426206, 7.173750461414727 ], [ 125.218333331817902, 7.173750461414727 ], [ 125.218333331817902, 7.172917128023073 ], [ 125.219166665209499, 7.172917128023073 ], [ 125.219166665209499, 7.172083794631476 ], [ 125.220833331992694, 7.172083794631476 ], [ 125.220833331992694, 7.171250461239822 ], [ 125.222499998776001, 7.171250461239822 ], [ 125.222499998776001, 7.170417127848225 ], [ 125.224166665559196, 7.170417127848225 ], [ 125.224166665559196, 7.167083794281723 ], [ 125.224999998950807, 7.167083794281723 ], [ 125.224999998950807, 7.166250461789446 ], [ 125.225833332342503, 7.166250461789446 ], [ 125.225833332342503, 7.163750461614541 ], [ 125.2291666650096, 7.163750461614541 ], [ 125.2291666650096, 7.16208379483129 ], [ 125.232499998576202, 7.16208379483129 ], [ 125.232499998576202, 7.163750461614541 ], [ 125.2333333319677, 7.163750461614541 ], [ 125.2333333319677, 7.164583795006195 ], [ 125.234166665359297, 7.164583795006195 ], [ 125.234166665359297, 7.165417128397792 ], [ 125.236666665534202, 7.165417128397792 ], [ 125.236666665534202, 7.163750461614541 ], [ 125.237499998925799, 7.163750461614541 ], [ 125.237499998925799, 7.16208379483129 ], [ 125.238333332317396, 7.16208379483129 ], [ 125.238333332317396, 7.161250461439693 ], [ 125.241666664984706, 7.161250461439693 ], [ 125.241666664984706, 7.160417128048096 ], [ 125.2433333317679, 7.160417128048096 ], [ 125.2433333317679, 7.159583794656442 ], [ 125.244166665159597, 7.159583794656442 ], [ 125.244166665159597, 7.158750461264845 ], [ 125.245833331942805, 7.158750461264845 ], [ 125.245833331942805, 7.157917127873191 ], [ 125.248333332117696, 7.157917127873191 ], [ 125.248333332117696, 7.153750461814411 ], [ 125.249166665509307, 7.153750461814411 ], [ 125.249166665509307, 7.152917128422814 ], [ 125.249999998900904, 7.152917128422814 ], [ 125.249999998900904, 7.15208379503116 ], [ 125.250833332292501, 7.15208379503116 ], [ 125.250833332292501, 7.151250461639563 ], [ 125.254166664959698, 7.151250461639563 ], [ 125.254166664959698, 7.150417128247909 ], [ 125.259999998701005, 7.150417128247909 ], [ 125.259999998701005, 7.149583794856312 ], [ 125.261666665484299, 7.149583794856312 ], [ 125.261666665484299, 7.148750461464658 ], [ 125.264166665659104, 7.148750461464658 ], [ 125.264166665659104, 7.147917128073061 ], [ 125.264999999050801, 7.147917128073061 ], [ 125.264999999050801, 7.147083794681407 ], [ 125.265833331543007, 7.147083794681407 ], [ 125.265833331543007, 7.14625046128981 ], [ 125.266666664934803, 7.14625046128981 ], [ 125.266666664934803, 7.145417127898156 ], [ 125.269166665109495, 7.145417127898156 ], [ 125.269166665109495, 7.144583794506559 ], [ 125.269999998501305, 7.144583794506559 ], [ 125.269999998501305, 7.142083794331711 ], [ 125.269166665109495, 7.142083794331711 ], [ 125.269166665109495, 7.141250461839377 ], [ 125.269999998501305, 7.141250461839377 ], [ 125.269999998501305, 7.135417128098027 ], [ 125.2716666652844, 7.135417128098027 ], [ 125.2716666652844, 7.13458379470643 ], [ 125.272499998675997, 7.13458379470643 ], [ 125.272499998675997, 7.133750461314776 ], [ 125.274999998850902, 7.133750461314776 ], [ 125.274999998850902, 7.132917127923179 ], [ 125.278333332417503, 7.132917127923179 ], [ 125.278333332417503, 7.132083794531525 ], [ 125.279999998301406, 7.132083794531525 ], [ 125.279999998301406, 7.128750460965023 ], [ 125.280833331693003, 7.128750460965023 ], [ 125.280833331693003, 7.127917128472745 ], [ 125.2816666650846, 7.127917128472745 ], [ 125.2816666650846, 7.127083795081148 ], [ 125.283333331867894, 7.127083795081148 ], [ 125.283333331867894, 7.126250461689494 ], [ 125.285833332042699, 7.126250461689494 ], [ 125.285833332042699, 7.124583794906243 ], [ 125.287499998825993, 7.124583794906243 ], [ 125.287499998825993, 7.123750461514646 ], [ 125.288333332217604, 7.123750461514646 ], [ 125.288333332217604, 7.120417127948144 ], [ 125.289166665609201, 7.120417127948144 ], [ 125.289166665609201, 7.119583794556547 ], [ 125.289999999000798, 7.119583794556547 ], [ 125.289999999000798, 7.117917127773296 ], [ 125.290833332392495, 7.117917127773296 ], [ 125.290833332392495, 7.117083794381642 ], [ 125.291666664884701, 7.117083794381642 ], [ 125.291666664884701, 7.116250460990045 ], [ 125.292499998276398, 7.116250460990045 ], [ 125.292499998276398, 7.115417128497711 ], [ 125.293333331667995, 7.115417128497711 ], [ 125.293333331667995, 7.11375046171446 ], [ 125.292499998276398, 7.11375046171446 ], [ 125.292499998276398, 7.112083794931266 ], [ 125.290833332392495, 7.112083794931266 ], [ 125.290833332392495, 7.111250461539612 ], [ 125.291666664884701, 7.111250461539612 ], [ 125.291666664884701, 7.110417128148015 ], [ 125.292499998276398, 7.110417128148015 ], [ 125.292499998276398, 7.109583794756361 ], [ 125.293333331667995, 7.109583794756361 ], [ 125.293333331667995, 7.108750461364764 ], [ 125.294166665059606, 7.108750461364764 ], [ 125.294166665059606, 7.10791712797311 ], [ 125.294999998451203, 7.10791712797311 ], [ 125.294999998451203, 7.107083794581513 ], [ 125.2958333318428, 7.107083794581513 ], [ 125.2958333318428, 7.105417127798262 ], [ 125.296666665234497, 7.105417127798262 ], [ 125.296666665234497, 7.104583794406608 ], [ 125.297499998626094, 7.104583794406608 ], [ 125.297499998626094, 7.102917128522734 ], [ 125.298333332017705, 7.102917128522734 ], [ 125.298333332017705, 7.10208379513108 ], [ 125.297499998626094, 7.10208379513108 ], [ 125.297499998626094, 7.101250461739483 ], [ 125.294999998451203, 7.101250461739483 ], [ 125.294999998451203, 7.100417128347829 ], [ 125.294166665059606, 7.100417128347829 ], [ 125.294166665059606, 7.099583794956232 ], [ 125.291666664884701, 7.099583794956232 ], [ 125.291666664884701, 7.098750461564578 ], [ 125.290833332392495, 7.098750461564578 ], [ 125.290833332392495, 7.095417127998132 ], [ 125.289166665609201, 7.095417127998132 ], [ 125.289166665609201, 7.094583794606479 ], [ 125.288333332217604, 7.094583794606479 ], [ 125.288333332217604, 7.092917127823228 ], [ 125.287499998825993, 7.092917127823228 ], [ 125.287499998825993, 7.09208379443163 ], [ 125.288333332217604, 7.09208379443163 ], [ 125.288333332217604, 7.091250461039977 ], [ 125.289166665609201, 7.091250461039977 ], [ 125.289166665609201, 7.090417127648379 ], [ 125.290833332392495, 7.090417127648379 ], [ 125.290833332392495, 7.088750461764448 ], [ 125.291666664884701, 7.088750461764448 ], [ 125.291666664884701, 7.087917128372851 ], [ 125.294166665059606, 7.087917128372851 ], [ 125.294166665059606, 7.087083794981197 ], [ 125.294999998451203, 7.087083794981197 ], [ 125.294999998451203, 7.0862504615896 ], [ 125.296666665234497, 7.0862504615896 ], [ 125.296666665234497, 7.087083794981197 ], [ 125.297499998626094, 7.087083794981197 ], [ 125.297499998626094, 7.087917128372851 ], [ 125.298333332017705, 7.087917128372851 ], [ 125.298333332017705, 7.089583795156045 ], [ 125.299999998800999, 7.089583795156045 ], [ 125.299999998800999, 7.091250461039977 ], [ 125.300833332192596, 7.091250461039977 ], [ 125.300833332192596, 7.09208379443163 ], [ 125.302499998975804, 7.09208379443163 ], [ 125.302499998975804, 7.092917127823228 ], [ 125.303333332367401, 7.092917127823228 ], [ 125.303333332367401, 7.093750461214881 ], [ 125.304166664859693, 7.093750461214881 ], [ 125.304166664859693, 7.094583794606479 ], [ 125.304999998251304, 7.094583794606479 ], [ 125.304999998251304, 7.095417127998132 ], [ 125.306666665034598, 7.095417127998132 ], [ 125.306666665034598, 7.09625046138973 ], [ 125.308333331817806, 7.09625046138973 ], [ 125.308333331817806, 7.095417127998132 ], [ 125.3099999986011, 7.095417127998132 ], [ 125.3099999986011, 7.094583794606479 ], [ 125.311666665384294, 7.094583794606479 ], [ 125.311666665384294, 7.095417127998132 ], [ 125.314999998950796, 7.095417127998132 ], [ 125.314999998950796, 7.09625046138973 ], [ 125.319166665009703, 7.09625046138973 ], [ 125.319166665009703, 7.095417127998132 ], [ 125.3199999984013, 7.095417127998132 ], [ 125.3199999984013, 7.09625046138973 ], [ 125.321666665184495, 7.09625046138973 ], [ 125.321666665184495, 7.097083794781327 ], [ 125.3241666653594, 7.097083794781327 ], [ 125.3241666653594, 7.097917128172981 ], [ 125.327499998925902, 7.097917128172981 ], [ 125.327499998925902, 7.098750461564578 ], [ 125.329166665709096, 7.098750461564578 ], [ 125.329166665709096, 7.099583794956232 ], [ 125.330833331592999, 7.099583794956232 ], [ 125.330833331592999, 7.100417128347829 ], [ 125.333333331767903, 7.100417128347829 ], [ 125.333333331767903, 7.101250461739483 ], [ 125.334166665159501, 7.101250461739483 ], [ 125.334166665159501, 7.10208379513108 ], [ 125.335833331942794, 7.10208379513108 ], [ 125.335833331942794, 7.102917128522734 ], [ 125.337499998726003, 7.102917128522734 ], [ 125.337499998726003, 7.103750461015011 ], [ 125.3383333321176, 7.103750461015011 ], [ 125.3383333321176, 7.106250461189859 ], [ 125.339999998900893, 7.106250461189859 ], [ 125.339999998900893, 7.107083794581513 ], [ 125.341666665684102, 7.107083794581513 ], [ 125.341666665684102, 7.10791712797311 ], [ 125.342499998176393, 7.10791712797311 ], [ 125.342499998176393, 7.108750461364764 ], [ 125.346666665134507, 7.108750461364764 ], [ 125.346666665134507, 7.109583794756361 ], [ 125.3483333319178, 7.109583794756361 ], [ 125.3483333319178, 7.110417128148015 ], [ 125.349166665309397, 7.110417128148015 ], [ 125.349166665309397, 7.112083794931266 ], [ 125.349999998700994, 7.112083794931266 ], [ 125.349999998700994, 7.11375046171446 ], [ 125.350833332092606, 7.11375046171446 ], [ 125.350833332092606, 7.115417128497711 ], [ 125.351666665484203, 7.115417128497711 ], [ 125.351666665484203, 7.116250460990045 ], [ 125.352499998875899, 7.116250460990045 ], [ 125.352499998875899, 7.118750461164893 ], [ 125.354166665659093, 7.118750461164893 ], [ 125.354166665659093, 7.119583794556547 ], [ 125.355833331543096, 7.119583794556547 ], [ 125.355833331543096, 7.120417127948144 ], [ 125.356666664934707, 7.120417127948144 ], [ 125.356666664934707, 7.121250461339741 ], [ 125.357499998326404, 7.121250461339741 ], [ 125.357499998326404, 7.122083794731395 ], [ 125.358333331718001, 7.122083794731395 ], [ 125.358333331718001, 7.122917128122992 ], [ 125.359166665109598, 7.122917128122992 ], [ 125.359166665109598, 7.124583794906243 ], [ 125.359999998501195, 7.124583794906243 ], [ 125.359999998501195, 7.125417128297897 ], [ 125.360833331892806, 7.125417128297897 ], [ 125.360833331892806, 7.127083795081148 ], [ 125.361666665284503, 7.127083795081148 ], [ 125.361666665284503, 7.127917128472745 ], [ 125.3624999986761, 7.127917128472745 ], [ 125.3624999986761, 7.131250461139928 ], [ 125.363333332067697, 7.131250461139928 ], [ 125.363333332067697, 7.135417128098027 ], [ 125.3624999986761, 7.135417128098027 ], [ 125.3624999986761, 7.137083794881278 ], [ 125.363333332067697, 7.137083794881278 ], [ 125.363333332067697, 7.137917128272875 ], [ 125.364166665459294, 7.137917128272875 ], [ 125.364166665459294, 7.138750461664529 ], [ 125.364999998851005, 7.138750461664529 ], [ 125.364999998851005, 7.142917127723308 ], [ 125.365833332242602, 7.142917127723308 ], [ 125.365833332242602, 7.143750461114962 ], [ 125.366666665634199, 7.143750461114962 ], [ 125.366666665634199, 7.144583794506559 ], [ 125.367499999025796, 7.144583794506559 ], [ 125.367499999025796, 7.14625046128981 ], [ 125.368333331518102, 7.14625046128981 ], [ 125.368333331518102, 7.147083794681407 ], [ 125.369166664909699, 7.147083794681407 ], [ 125.369166664909699, 7.147917128073061 ], [ 125.369999998301296, 7.147917128073061 ], [ 125.369999998301296, 7.148750461464658 ], [ 125.370833331693007, 7.148750461464658 ], [ 125.370833331693007, 7.151250461639563 ], [ 125.371666665084604, 7.151250461639563 ], [ 125.371666665084604, 7.15208379503116 ], [ 125.373333331867798, 7.15208379503116 ], [ 125.373333331867798, 7.152917128422814 ], [ 125.374166665259494, 7.152917128422814 ], [ 125.374166665259494, 7.153750461814411 ], [ 125.3766666654343, 7.153750461814411 ], [ 125.3766666654343, 7.154583794306689 ], [ 125.377499998825897, 7.154583794306689 ], [ 125.377499998825897, 7.155417127698343 ], [ 125.378333332217593, 7.155417127698343 ], [ 125.378333332217593, 7.15625046108994 ], [ 125.379166665609205, 7.15625046108994 ], [ 125.379166665609205, 7.157083794481594 ], [ 125.379999999000802, 7.157083794481594 ], [ 125.379999999000802, 7.157917127873191 ], [ 125.380833331493093, 7.157917127873191 ], [ 125.380833331493093, 7.159583794656442 ], [ 125.381666664884705, 7.159583794656442 ], [ 125.381666664884705, 7.161250461439693 ], [ 125.382499998276302, 7.161250461439693 ], [ 125.382499998276302, 7.16208379483129 ], [ 125.384166665059595, 7.16208379483129 ], [ 125.384166665059595, 7.162917128222944 ], [ 125.384999998451207, 7.162917128222944 ], [ 125.384999998451207, 7.163750461614541 ], [ 125.385833331842804, 7.163750461614541 ], [ 125.385833331842804, 7.164583795006195 ], [ 125.387499998626097, 7.164583795006195 ], [ 125.387499998626097, 7.165417128397792 ], [ 125.388333332017694, 7.165417128397792 ], [ 125.388333332017694, 7.166250461789446 ], [ 125.389166665409306, 7.166250461789446 ], [ 125.389166665409306, 7.169583794456571 ], [ 125.389999998800903, 7.169583794456571 ], [ 125.389999998800903, 7.170417127848225 ], [ 125.390833332192599, 7.170417127848225 ], [ 125.390833332192599, 7.171250461239822 ], [ 125.392499998975794, 7.171250461239822 ], [ 125.392499998975794, 7.172083794631476 ], [ 125.393333332367405, 7.172083794631476 ], [ 125.393333332367405, 7.173750461414727 ], [ 125.394166664859796, 7.173750461414727 ], [ 125.394166664859796, 7.174583794806324 ], [ 125.394999998251393, 7.174583794806324 ], [ 125.394999998251393, 7.175417128197978 ], [ 125.396666665034701, 7.175417128197978 ], [ 125.396666665034701, 7.176250461589575 ], [ 125.397499998426298, 7.176250461589575 ], [ 125.397499998426298, 7.177083794981229 ], [ 125.398333331817895, 7.177083794981229 ], [ 125.398333331817895, 7.177917128372826 ], [ 125.399166665209506, 7.177917128372826 ], [ 125.399166665209506, 7.179583795156077 ], [ 125.4008333319928, 7.179583795156077 ], [ 125.4008333319928, 7.181250461040008 ], [ 125.401666665384397, 7.181250461040008 ], [ 125.401666665384397, 7.182083794431605 ], [ 125.402499998775994, 7.182083794431605 ], [ 125.402499998775994, 7.182917127823259 ], [ 125.404166665559302, 7.182917127823259 ], [ 125.404166665559302, 7.183750461214856 ], [ 125.404999998950899, 7.183750461214856 ], [ 125.404999998950899, 7.18458379460651 ], [ 125.405833332342496, 7.18458379460651 ], [ 125.405833332342496, 7.185417127998107 ], [ 125.406666664834802, 7.185417127998107 ], [ 125.406666664834802, 7.186250461389705 ], [ 125.407499998226399, 7.186250461389705 ], [ 125.407499998226399, 7.187083794781358 ], [ 125.408333331617996, 7.187083794781358 ], [ 125.408333331617996, 7.187917128172956 ], [ 125.409166665009593, 7.187917128172956 ], [ 125.409166665009593, 7.189583794956207 ], [ 125.410833331792901, 7.189583794956207 ], [ 125.410833331792901, 7.19041712834786 ], [ 125.411666665184498, 7.19041712834786 ], [ 125.411666665184498, 7.191250461739458 ], [ 125.412499998576095, 7.191250461739458 ], [ 125.412499998576095, 7.192083795131111 ], [ 125.411666665184498, 7.192083795131111 ], [ 125.411666665184498, 7.193750461014986 ], [ 125.410833331792901, 7.193750461014986 ], [ 125.410833331792901, 7.195417127798237 ], [ 125.409999998401304, 7.195417127798237 ], [ 125.409999998401304, 7.197917127973142 ], [ 125.410833331792901, 7.197917127973142 ], [ 125.410833331792901, 7.198750461364739 ], [ 125.411666665184498, 7.198750461364739 ], [ 125.411666665184498, 7.197917127973142 ], [ 125.414166665359403, 7.197917127973142 ], [ 125.414166665359403, 7.197083794581488 ], [ 125.416666665534194, 7.197083794581488 ], [ 125.416666665534194, 7.197917127973142 ], [ 125.418333332317502, 7.197917127973142 ], [ 125.418333332317502, 7.202083794931241 ], [ 125.419166664809794, 7.202083794931241 ], [ 125.419166664809794, 7.202917128322838 ], [ 125.419999998201405, 7.202917128322838 ], [ 125.419999998201405, 7.203750461714492 ], [ 125.420833331593002, 7.203750461714492 ], [ 125.420833331593002, 7.204583795106089 ], [ 125.422499998376296, 7.204583795106089 ], [ 125.422499998376296, 7.203750461714492 ], [ 125.424999998551101, 7.203750461714492 ], [ 125.424999998551101, 7.204583795106089 ], [ 125.426666665334395, 7.204583795106089 ], [ 125.426666665334395, 7.205417127598423 ], [ 125.427499998726006, 7.205417127598423 ], [ 125.427499998726006, 7.20625046099002 ], [ 125.425833331942698, 7.20625046099002 ], [ 125.425833331942698, 7.210417127948119 ], [ 125.426666665334395, 7.210417127948119 ], [ 125.426666665334395, 7.211250461339773 ], [ 125.428333332117603, 7.211250461339773 ], [ 125.428333332117603, 7.21208379473137 ], [ 125.429999998900897, 7.21208379473137 ], [ 125.429999998900897, 7.212917128123024 ], [ 125.430833332292494, 7.212917128123024 ], [ 125.430833332292494, 7.214583794906275 ], [ 125.431666665684105, 7.214583794906275 ], [ 125.431666665684105, 7.216250461689526 ], [ 125.432499998176496, 7.216250461689526 ], [ 125.432499998176496, 7.217083795081123 ], [ 125.433333331568093, 7.217083795081123 ], [ 125.433333331568093, 7.217917128472777 ], [ 125.434999998351302, 7.217917128472777 ], [ 125.434999998351302, 7.218750460965055 ], [ 125.435833331742998, 7.218750460965055 ], [ 125.435833331742998, 7.219583794356652 ], [ 125.436666665134595, 7.219583794356652 ], [ 125.436666665134595, 7.220417127748306 ], [ 125.437499998526206, 7.220417127748306 ], [ 125.437499998526206, 7.221250461139903 ], [ 125.438333331917804, 7.221250461139903 ], [ 125.438333331917804, 7.222917127923154 ], [ 125.4391666653095, 7.222917127923154 ], [ 125.4391666653095, 7.223750461314808 ], [ 125.441666665484306, 7.223750461314808 ], [ 125.441666665484306, 7.224583794706405 ], [ 125.443333332267599, 7.224583794706405 ], [ 125.443333332267599, 7.225417128098059 ], [ 125.444166665659196, 7.225417128098059 ], [ 125.444166665659196, 7.226250461489656 ], [ 125.449166665109601, 7.226250461489656 ], [ 125.449166665109601, 7.225417128098059 ], [ 125.449999998501198, 7.225417128098059 ], [ 125.449999998501198, 7.227083794881253 ], [ 125.450833331892795, 7.227083794881253 ], [ 125.450833331892795, 7.227917128272907 ], [ 125.451666665284407, 7.227917128272907 ], [ 125.451666665284407, 7.228750461664504 ], [ 125.4533333320677, 7.228750461664504 ], [ 125.4533333320677, 7.226250461489656 ], [ 125.452499998676103, 7.226250461489656 ], [ 125.452499998676103, 7.225417128098059 ], [ 125.4533333320677, 7.225417128098059 ], [ 125.4533333320677, 7.221250461139903 ], [ 125.454166665459297, 7.221250461139903 ], [ 125.454166665459297, 7.220417127748306 ], [ 125.454999998850894, 7.220417127748306 ], [ 125.454999998850894, 7.219583794356652 ], [ 125.456666665634202, 7.219583794356652 ], [ 125.456666665634202, 7.218750460965055 ], [ 125.457499998126394, 7.218750460965055 ], [ 125.457499998126394, 7.217083795081123 ], [ 125.458333331518105, 7.217083795081123 ], [ 125.458333331518105, 7.216250461689526 ], [ 125.459166664909702, 7.216250461689526 ], [ 125.459166664909702, 7.215417128297872 ], [ 125.461666665084607, 7.215417128297872 ], [ 125.461666665084607, 7.214583794906275 ], [ 125.464999998650995, 7.214583794906275 ], [ 125.464999998650995, 7.213750461514621 ], [ 125.465833332042706, 7.213750461514621 ], [ 125.465833332042706, 7.21208379473137 ], [ 125.466666665434303, 7.21208379473137 ], [ 125.466666665434303, 7.211250461339773 ], [ 125.465833332042706, 7.211250461339773 ], [ 125.465833332042706, 7.210417127948119 ], [ 125.466666665434303, 7.210417127948119 ], [ 125.466666665434303, 7.209583794556522 ], [ 125.468333332217497, 7.209583794556522 ], [ 125.468333332217497, 7.20625046099002 ], [ 125.469166665609194, 7.20625046099002 ], [ 125.469166665609194, 7.205417127598423 ], [ 125.469999999000805, 7.205417127598423 ], [ 125.469999999000805, 7.204583795106089 ], [ 125.470833331493196, 7.204583795106089 ], [ 125.470833331493196, 7.202917128322838 ], [ 125.471666664884793, 7.202917128322838 ], [ 125.471666664884793, 7.201250461539644 ], [ 125.472499998276405, 7.201250461539644 ], [ 125.472499998276405, 7.198750461364739 ], [ 125.473333331668002, 7.198750461364739 ], [ 125.473333331668002, 7.197917127973142 ], [ 125.472499998276405, 7.197917127973142 ], [ 125.472499998276405, 7.197083794581488 ], [ 125.471666664884793, 7.197083794581488 ], [ 125.471666664884793, 7.195417127798237 ], [ 125.472499998276405, 7.195417127798237 ], [ 125.472499998276405, 7.19458379440664 ], [ 125.473333331668002, 7.19458379440664 ], [ 125.473333331668002, 7.193750461014986 ], [ 125.474166665059599, 7.193750461014986 ], [ 125.474166665059599, 7.19458379440664 ], [ 125.475833331842907, 7.19458379440664 ], [ 125.475833331842907, 7.196250461189891 ], [ 125.476666665234504, 7.196250461189891 ], [ 125.476666665234504, 7.197083794581488 ], [ 125.477499998626101, 7.197083794581488 ], [ 125.477499998626101, 7.193750461014986 ], [ 125.479166665409394, 7.193750461014986 ], [ 125.479166665409394, 7.192917127623389 ], [ 125.4816666655842, 7.192917127623389 ], [ 125.4816666655842, 7.192083795131111 ], [ 125.483333331468103, 7.192083795131111 ], [ 125.483333331468103, 7.191250461739458 ], [ 125.484166664859799, 7.191250461739458 ], [ 125.484166664859799, 7.19041712834786 ], [ 125.484999998251396, 7.19041712834786 ], [ 125.484999998251396, 7.189583794956207 ], [ 125.485833331642993, 7.189583794956207 ], [ 125.485833331642993, 7.188750461564609 ], [ 125.486666665034605, 7.188750461564609 ], [ 125.486666665034605, 7.187083794781358 ], [ 125.487499998426301, 7.187083794781358 ], [ 125.487499998426301, 7.186250461389705 ], [ 125.488333331817898, 7.186250461389705 ], [ 125.488333331817898, 7.18458379460651 ], [ 125.490833331992704, 7.18458379460651 ], [ 125.490833331992704, 7.183750461214856 ], [ 125.492499998775997, 7.183750461214856 ], [ 125.492499998775997, 7.182917127823259 ], [ 125.493333332167595, 7.182917127823259 ], [ 125.493333332167595, 7.181250461040008 ], [ 125.494166665559206, 7.181250461040008 ], [ 125.494166665559206, 7.180417127648354 ], [ 125.494999998950902, 7.180417127648354 ], [ 125.494999998950902, 7.177083794981229 ], [ 125.499166665009596, 7.177083794981229 ], [ 125.499166665009596, 7.176250461589575 ], [ 125.499999998401194, 7.176250461589575 ], [ 125.499999998401194, 7.177917128372826 ], [ 125.500833331792904, 7.177917128372826 ], [ 125.500833331792904, 7.178750461764423 ], [ 125.503333331967696, 7.178750461764423 ], [ 125.503333331967696, 7.179583795156077 ], [ 125.504166665359406, 7.179583795156077 ], [ 125.504166665359406, 7.178750461764423 ], [ 125.504999998751003, 7.178750461764423 ], [ 125.504999998751003, 7.177083794981229 ], [ 125.505833332142601, 7.177083794981229 ], [ 125.505833332142601, 7.172083794631476 ], [ 125.506666665534198, 7.172083794631476 ], [ 125.506666665534198, 7.169583794456571 ], [ 125.510833331593105, 7.169583794456571 ], [ 125.510833331593105, 7.170417127848225 ], [ 125.511666664984702, 7.170417127848225 ], [ 125.511666664984702, 7.169583794456571 ], [ 125.518333332117706, 7.169583794456571 ], [ 125.518333332117706, 7.168750461064974 ], [ 125.5199999989009, 7.168750461064974 ], [ 125.5199999989009, 7.167917127673377 ], [ 125.521666664784803, 7.167917127673377 ], [ 125.521666664784803, 7.168750461064974 ], [ 125.5224999981764, 7.168750461064974 ], [ 125.5224999981764, 7.170417127848225 ], [ 125.524166664959694, 7.170417127848225 ], [ 125.524166664959694, 7.171250461239822 ], [ 125.528333331917807, 7.171250461239822 ], [ 125.528333331917807, 7.172083794631476 ], [ 125.531666665484295, 7.172083794631476 ], [ 125.531666665484295, 7.172917128023073 ], [ 125.533333332267503, 7.172917128023073 ], [ 125.533333332267503, 7.173750461414727 ], [ 125.534999998151406, 7.173750461414727 ], [ 125.534999998151406, 7.174583794806324 ], [ 125.537499998326297, 7.174583794806324 ], [ 125.537499998326297, 7.173750461414727 ], [ 125.539166665109505, 7.173750461414727 ], [ 125.539166665109505, 7.175417128197978 ], [ 125.539999998501202, 7.175417128197978 ], [ 125.539999998501202, 7.176250461589575 ], [ 125.542499998676007, 7.176250461589575 ], [ 125.542499998676007, 7.173750461414727 ], [ 125.544166665459301, 7.173750461414727 ], [ 125.544166665459301, 7.172917128023073 ], [ 125.544999998850898, 7.172917128023073 ], [ 125.544999998850898, 7.173750461414727 ], [ 125.546666665634106, 7.173750461414727 ], [ 125.546666665634106, 7.175417128197978 ], [ 125.545833332242495, 7.175417128197978 ], [ 125.545833332242495, 7.176250461589575 ], [ 125.546666665634106, 7.176250461589575 ], [ 125.546666665634106, 7.177083794981229 ], [ 125.548333331518094, 7.177083794981229 ], [ 125.548333331518094, 7.176250461589575 ], [ 125.549166664909805, 7.176250461589575 ], [ 125.549166664909805, 7.172917128023073 ], [ 125.548333331518094, 7.172917128023073 ], [ 125.548333331518094, 7.171250461239822 ], [ 125.549166664909805, 7.171250461239822 ], [ 125.549166664909805, 7.169583794456571 ], [ 125.549999998301402, 7.169583794456571 ], [ 125.549999998301402, 7.168750461064974 ], [ 125.550833331692999, 7.168750461064974 ], [ 125.550833331692999, 7.162917128222944 ], [ 125.551666665084596, 7.162917128222944 ], [ 125.551666665084596, 7.16208379483129 ], [ 125.550833331692999, 7.16208379483129 ], [ 125.550833331692999, 7.157083794481594 ], [ 125.551666665084596, 7.157083794481594 ], [ 125.551666665084596, 7.155417127698343 ], [ 125.552499998476307, 7.155417127698343 ], [ 125.552499998476307, 7.154583794306689 ], [ 125.553333331867904, 7.154583794306689 ], [ 125.553333331867904, 7.152917128422814 ], [ 125.554999998651098, 7.152917128422814 ], [ 125.554999998651098, 7.150417128247909 ], [ 125.555833332042695, 7.150417128247909 ], [ 125.555833332042695, 7.149583794856312 ], [ 125.556666665434406, 7.149583794856312 ], [ 125.556666665434406, 7.148750461464658 ], [ 125.557499998826003, 7.148750461464658 ], [ 125.557499998826003, 7.147083794681407 ], [ 125.5583333322176, 7.147083794681407 ], [ 125.5583333322176, 7.14625046128981 ], [ 125.559166665609197, 7.14625046128981 ], [ 125.559166665609197, 7.144583794506559 ], [ 125.559999998101503, 7.144583794506559 ], [ 125.559999998101503, 7.142083794331711 ], [ 125.5583333322176, 7.142083794331711 ], [ 125.5583333322176, 7.141250461839377 ], [ 125.557499998826003, 7.141250461839377 ], [ 125.557499998826003, 7.14041712844778 ], [ 125.556666665434406, 7.14041712844778 ], [ 125.556666665434406, 7.139583795056126 ], [ 125.557499998826003, 7.139583795056126 ], [ 125.557499998826003, 7.137083794881278 ], [ 125.556666665434406, 7.137083794881278 ], [ 125.556666665434406, 7.13458379470643 ], [ 125.557499998826003, 7.13458379470643 ], [ 125.557499998826003, 7.132917127923179 ], [ 125.5583333322176, 7.132917127923179 ], [ 125.5583333322176, 7.131250461139928 ], [ 125.559999998101503, 7.131250461139928 ], [ 125.559999998101503, 7.130417127748274 ], [ 125.5608333314931, 7.130417127748274 ], [ 125.5608333314931, 7.124583794906243 ], [ 125.559999998101503, 7.124583794906243 ], [ 125.559999998101503, 7.123750461514646 ], [ 125.5583333322176, 7.123750461514646 ], [ 125.5583333322176, 7.122917128122992 ], [ 125.557499998826003, 7.122917128122992 ], [ 125.557499998826003, 7.122083794731395 ], [ 125.556666665434406, 7.122083794731395 ], [ 125.556666665434406, 7.116250460990045 ], [ 125.557499998826003, 7.116250460990045 ], [ 125.557499998826003, 7.115417128497711 ], [ 125.5583333322176, 7.115417128497711 ], [ 125.5583333322176, 7.112917128322863 ], [ 125.559999998101503, 7.112917128322863 ], [ 125.559999998101503, 7.112083794931266 ], [ 125.561666664884697, 7.112083794931266 ], [ 125.561666664884697, 7.111250461539612 ], [ 125.562499998276394, 7.111250461539612 ], [ 125.562499998276394, 7.109583794756361 ], [ 125.564166665059602, 7.109583794756361 ], [ 125.564166665059602, 7.106250461189859 ], [ 125.564999998451199, 7.106250461189859 ], [ 125.564999998451199, 7.105417127798262 ], [ 125.566666665234493, 7.105417127798262 ], [ 125.566666665234493, 7.104583794406608 ], [ 125.567499998626104, 7.104583794406608 ], [ 125.567499998626104, 7.10208379513108 ], [ 125.566666665234493, 7.10208379513108 ], [ 125.566666665234493, 7.100417128347829 ], [ 125.565833331842896, 7.100417128347829 ], [ 125.565833331842896, 7.099583794956232 ], [ 125.564999998451199, 7.099583794956232 ], [ 125.564999998451199, 7.098750461564578 ], [ 125.564166665059602, 7.098750461564578 ], [ 125.564166665059602, 7.097083794781327 ], [ 125.564999998451199, 7.097083794781327 ], [ 125.564999998451199, 7.095417127998132 ], [ 125.566666665234493, 7.095417127998132 ], [ 125.566666665234493, 7.094583794606479 ], [ 125.567499998626104, 7.094583794606479 ], [ 125.567499998626104, 7.093750461214881 ], [ 125.569166665409398, 7.093750461214881 ], [ 125.569166665409398, 7.090417127648379 ], [ 125.569999998800995, 7.090417127648379 ], [ 125.569999998800995, 7.088750461764448 ], [ 125.571666665584203, 7.088750461764448 ], [ 125.571666665584203, 7.087917128372851 ], [ 125.5724999989758, 7.087917128372851 ], [ 125.5724999989758, 7.0862504615896 ], [ 125.573333331468106, 7.0862504615896 ], [ 125.573333331468106, 7.083750461414695 ], [ 125.574166664859703, 7.083750461414695 ], [ 125.574166664859703, 7.080417127848193 ], [ 125.5749999982514, 7.080417127848193 ], [ 125.5749999982514, 7.077083795181068 ], [ 125.575833331642997, 7.077083795181068 ], [ 125.575833331642997, 7.073750461614566 ], [ 125.576666665034594, 7.073750461614566 ], [ 125.576666665034594, 7.072917128222912 ], [ 125.577499998426205, 7.072917128222912 ], [ 125.577499998426205, 7.072083794831315 ], [ 125.578333331817802, 7.072083794831315 ], [ 125.578333331817802, 7.067083794481562 ], [ 125.579166665209499, 7.067083794481562 ], [ 125.579166665209499, 7.065417127698311 ], [ 125.579999998601096, 7.065417127698311 ], [ 125.579999998601096, 7.063750461814436 ], [ 125.579166665209499, 7.063750461814436 ], [ 125.579166665209499, 7.062083795031185 ], [ 125.578333331817802, 7.062083795031185 ], [ 125.578333331817802, 7.057917128073029 ], [ 125.579999998601096, 7.057917128073029 ], [ 125.580833331992693, 7.057917128073029 ], [ 125.580833331992693, 7.057083794681432 ], [ 125.582499998776001, 7.057083794681432 ], [ 125.582499998776001, 7.057917128073029 ], [ 125.584166665559195, 7.057917128073029 ], [ 125.584166665559195, 7.057083794681432 ], [ 125.584999998950806, 7.057083794681432 ], [ 125.584999998950806, 7.056250461289778 ], [ 125.586666664834794, 7.056250461289778 ], [ 125.586666664834794, 7.057083794681432 ], [ 125.587499998226406, 7.057083794681432 ], [ 125.587499998226406, 7.057917128073029 ], [ 125.589166665009699, 7.057917128073029 ], [ 125.589166665009699, 7.058750461464683 ], [ 125.590833331792894, 7.058750461464683 ], [ 125.590833331792894, 7.05958379485628 ], [ 125.591666665184604, 7.05958379485628 ], [ 125.591666665184604, 7.056250461289778 ], [ 125.593333331967798, 7.056250461289778 ] ] ] ] } },
{ "type": "Feature", "properties": { "Name": "2", "description": null, "altitudeMode": "clampToGround", "OBJECTID_1": "2", "OBJECTID_2": "2", "FID": "1", "Shape_Leng": "2.190846", "Shape_Le_1": "2.190846", "Shape_Le_2": "2.190846", "Field_1": "2", "Id": "9899", "gridcode": "7036" }, "geometry": { "type": "MultiPolygon", "coordinates": [ [ [ [ 124.856666665034595, 8.138750460565348 ], [ 124.857067463193005, 8.136651258548795 ], [ 124.860432534733704, 8.132516330464341 ], [ 124.863394367356307, 8.128478244075779 ], [ 124.876330361357205, 8.127444512054637 ], [ 124.878115639724996, 8.121805677390171 ], [ 124.888050129310102, 8.120748548606684 ], [ 124.891234129551606, 8.115817925556883 ], [ 124.894239704298997, 8.11189845075296 ], [ 124.899418740782394, 8.117488050233362 ], [ 124.904903562949102, 8.11853500678518 ], [ 124.907900796484697, 8.117484591440814 ], [ 124.912932534808704, 8.116682996922805 ], [ 124.920218301533396, 8.115158745879455 ], [ 124.924570718064302, 8.116684217302861 ], [ 124.927916665521707, 8.11655156820035 ], [ 124.932226357960104, 8.116722263121972 ], [ 124.933734129826405, 8.118349663706056 ], [ 124.935334064215795, 8.119832207790182 ], [ 124.937067463392694, 8.122516329764835 ], [ 124.938267820903306, 8.123628594184311 ], [ 124.949599201342195, 8.124984591965415 ], [ 124.9532767729048, 8.126273450859117 ], [ 124.9649361154095, 8.136950330793184 ], [ 124.974539386483599, 8.13878382721191 ], [ 124.9837105297172, 8.146534071290432 ], [ 124.984968260377002, 8.149198865934977 ], [ 124.986393024818298, 8.151891330020931 ], [ 124.987932534658896, 8.153317925481929 ], [ 124.991539508541607, 8.157210951224442 ], [ 124.995432534284106, 8.16081792510721 ], [ 124.996234129701406, 8.168349663606136 ], [ 124.9970992010674, 8.17081792490734 ], [ 124.997988076588499, 8.177322035083876 ], [ 125.003765868200304, 8.179151258823595 ], [ 125.007900796284702, 8.182516330364422 ], [ 125.012173664183393, 8.183332166546279 ], [ 125.015243732911998, 8.186645562143042 ], [ 125.018765867450796, 8.187484591840473 ], [ 125.022900796434698, 8.190016329989703 ], [ 125.0254325345838, 8.190817925406975 ], [ 125.027067462493505, 8.191682996772954 ], [ 125.030432534933695, 8.192484592190226 ], [ 125.036428221485295, 8.197364149036275 ], [ 125.040432534733796, 8.198317925032256 ], [ 125.042243854770206, 8.199276380200843 ], [ 125.047080483377599, 8.199084730176196 ], [ 125.052114663361095, 8.202548678578694 ], [ 125.056176146512001, 8.202387749395143 ], [ 125.0578690582105, 8.204214734722257 ], [ 125.061374713572306, 8.205869195007381 ], [ 125.063482257700102, 8.208143975264306 ], [ 125.061821897862401, 8.211281995867466 ], [ 125.064679767956903, 8.215949354079498 ], [ 125.068781736787699, 8.217885389399271 ], [ 125.071234129551499, 8.219182996897814 ], [ 125.075916136820297, 8.220076958085201 ], [ 125.077067463292906, 8.222516330464316 ], [ 125.077933755038799, 8.223318942115554 ], [ 125.077900186044801, 8.224167127810745 ], [ 125.078051552737094, 8.227988538740135 ], [ 125.083011066507495, 8.229169976313415 ], [ 125.084879962939993, 8.231186984791577 ], [ 125.086501259825397, 8.227751722064397 ], [ 125.088765867850597, 8.226682996523095 ], [ 125.090400796659495, 8.225817925157173 ], [ 125.093231607053099, 8.224482068592636 ], [ 125.094567462718302, 8.221651258199074 ], [ 125.097193398556598, 8.217362317616903 ], [ 125.097033486506206, 8.213327283527349 ], [ 125.103126626292806, 8.211628878769773 ], [ 125.106234129301697, 8.209984591615637 ], [ 125.109522297116399, 8.208432874377706 ], [ 125.110801593518801, 8.207052056207488 ], [ 125.112132363517802, 8.205818942690087 ], [ 125.112050373226197, 8.203750460615311 ], [ 125.112182412588396, 8.200417127948128 ], [ 125.112050373226197, 8.197083794381626 ], [ 125.112103066303604, 8.195754448908758 ], [ 125.115432534583903, 8.194182996947802 ], [ 125.117089028236094, 8.191617893051387 ], [ 125.119187214018794, 8.191700900476235 ], [ 125.127072548859104, 8.193350680689434 ], [ 125.1364817291485, 8.19297775611858 ], [ 125.134415891979899, 8.187083794581497 ], [ 125.135433755463495, 8.184179741601838 ], [ 125.135399779076593, 8.18332199431461 ], [ 125.136299843962703, 8.17988673248675 ], [ 125.1395975733694, 8.180017550569573 ], [ 125.143073525922603, 8.17735214528534 ], [ 125.141207070250204, 8.164834648999886 ], [ 125.141352944782597, 8.161155246417536 ], [ 125.144559324653201, 8.159641981492314 ], [ 125.145400796009994, 8.149984591915427 ], [ 125.146265868275194, 8.148349663106501 ], [ 125.147118732243698, 8.146542412502356 ], [ 125.148901365705598, 8.144890801269526 ], [ 125.152633665511303, 8.145038710068491 ], [ 125.156281330119299, 8.147548678328917 ], [ 125.158333332117707, 8.1474675019237 ], [ 125.159583332205102, 8.147516940354535 ], [ 125.160416665596699, 8.147483981100891 ], [ 125.161249998988296, 8.147516940354535 ], [ 125.162901813467997, 8.147451429240107 ], [ 125.165552977088296, 8.150312757227994 ], [ 125.165218504830307, 8.158750461064983 ], [ 125.165436807163005, 8.164258476747364 ], [ 125.171935626627899, 8.16845525390687 ], [ 125.177794594644894, 8.168223117303057 ], [ 125.181326903214099, 8.170653536931241 ], [ 125.185095213673193, 8.171651258298994 ], [ 125.186305133675106, 8.162797498405894 ], [ 125.190432534433995, 8.160849663081535 ], [ 125.191902057234202, 8.156208143291224 ], [ 125.2003814680304, 8.151223198491891 ], [ 125.202446897806098, 8.136111096949605 ], [ 125.205575356817405, 8.134090833824985 ], [ 125.212667235104902, 8.134372002366092 ], [ 125.216461993726099, 8.132363945739542 ], [ 125.219567462468504, 8.124984591965415 ], [ 125.220432534733703, 8.123349663156489 ], [ 125.222039997348006, 8.118272555833812 ], [ 125.225463662418207, 8.12089788103242 ], [ 125.225326536490599, 8.124358981282001 ], [ 125.230772907243903, 8.129405368662901 ], [ 125.233765868100406, 8.130817924807445 ], [ 125.234567462618301, 8.134182997247592 ], [ 125.235865070116901, 8.13538538902452 ], [ 125.237274982254704, 8.14276982936417 ], [ 125.241893919169101, 8.147049411601131 ], [ 125.242900796534599, 8.149182996498155 ], [ 125.243765867900507, 8.150817925307081 ], [ 125.244567462418601, 8.153440402352715 ], [ 125.242900796534599, 8.15498459226518 ], [ 125.241990761764299, 8.159750624092055 ], [ 125.242193602053106, 8.16486720086067 ], [ 125.237900796184803, 8.171651258298994 ], [ 125.237099200767602, 8.174182996448167 ], [ 125.236234129401595, 8.17665125864869 ], [ 125.235432534883699, 8.185849663031547 ], [ 125.232900795835107, 8.187484591840473 ], [ 125.229275918249101, 8.189978894810224 ], [ 125.226902464377304, 8.193654432106428 ], [ 125.223192951593603, 8.197091525853295 ], [ 125.2213763417449, 8.204717461141968 ], [ 125.217255247931504, 8.206022189472492 ], [ 125.211322020195098, 8.205787203816442 ], [ 125.208636880187896, 8.206728162674608 ], [ 125.208782957967202, 8.210417127748315 ], [ 125.2085847968509, 8.215417127198691 ], [ 125.208820189000605, 8.221357069273381 ], [ 125.213765867600699, 8.224984591765519 ], [ 125.214567463018099, 8.226896009043628 ], [ 125.211174925282705, 8.230039320358401 ], [ 125.209198403383695, 8.236282199064306 ], [ 125.207468260651794, 8.23788538899953 ], [ 125.206108804078099, 8.239352674286522 ], [ 125.206454873094003, 8.248084363802377 ], [ 125.204489947952794, 8.251797742771657 ], [ 125.1962341293017, 8.256651258848592 ], [ 125.195432534783706, 8.258349663606111 ], [ 125.194567462518407, 8.259984591515718 ], [ 125.193015746179796, 8.268112643483732 ], [ 125.192003986394894, 8.270999199253708 ], [ 125.190195108017903, 8.272675225281489 ], [ 125.187067462893197, 8.274151258274003 ], [ 125.186265867475896, 8.275849663031579 ], [ 125.184174600177698, 8.279801689696285 ], [ 125.1824269602361, 8.287138522624787 ], [ 125.184599201591894, 8.289151258423885 ], [ 125.1862341295015, 8.291001437266573 ], [ 125.181654457887007, 8.299656426303102 ], [ 125.180037230433896, 8.30115463567796 ], [ 125.182194619486197, 8.304289808128203 ], [ 125.187078245764496, 8.306594495339709 ], [ 125.187900796284794, 8.308817192259653 ], [ 125.179681394780602, 8.314846042211116 ], [ 125.170664264943994, 8.325818738843793 ], [ 125.169107868533402, 8.33073512112901 ], [ 125.165400796509601, 8.332484592090282 ], [ 125.164505410796096, 8.333450981977307 ], [ 125.164634805252206, 8.336713514617031 ], [ 125.159567462768194, 8.338317924932312 ], [ 125.158765868250299, 8.339182996298291 ], [ 125.156218260664204, 8.340385388974596 ], [ 125.153705646598397, 8.341714938593611 ], [ 125.152083331680501, 8.341650647859183 ], [ 125.151138711682293, 8.341688083038662 ], [ 125.148105873987006, 8.344961601796513 ], [ 125.145400796009994, 8.34581792545697 ], [ 125.144599201491999, 8.350016330389394 ], [ 125.138352863094298, 8.354049939952802 ], [ 125.135400796209893, 8.354984591865446 ], [ 125.134547931341999, 8.35679184246959 ], [ 125.132900796035003, 8.358317925431948 ], [ 125.131191405159299, 8.362707777142248 ], [ 125.127982379483299, 8.365681003275711 ], [ 125.122900796234802, 8.366651258448883 ], [ 125.117870075043996, 8.368414563681199 ], [ 125.115146686870204, 8.368306531721089 ], [ 125.108641153066898, 8.37174891438093 ], [ 125.106832070543703, 8.375582532707767 ], [ 125.102061156297395, 8.377834119449119 ], [ 125.097344562901299, 8.379327243157775 ], [ 125.089476520225304, 8.385360771382523 ], [ 125.085400796309699, 8.386651258049142 ], [ 125.082347410904404, 8.388266858628697 ], [ 125.081265868225302, 8.39168299637322 ], [ 125.080400795960003, 8.392484591790549 ], [ 125.079599201442093, 8.393415784910587 ], [ 125.082165322471695, 8.393314059895999 ], [ 125.090655516139194, 8.400223646504116 ], [ 125.090301105911394, 8.409167127261185 ], [ 125.090471800833001, 8.413476819699497 ], [ 125.092099201417099, 8.414984591565712 ], [ 125.094707640045598, 8.418540703390818 ], [ 125.096757607777505, 8.420440117417513 ], [ 125.099116819985298, 8.427891899891335 ], [ 125.096112466517198, 8.431809746023021 ], [ 125.0934547918052, 8.437441256608736 ], [ 125.097099200867405, 8.440817924907378 ], [ 125.098267617156907, 8.44572291368155 ], [ 125.093269855219702, 8.450353650600562 ], [ 125.088251138179501, 8.455770114399286 ], [ 125.089599201242194, 8.458317925232109 ], [ 125.090400796659495, 8.460016329989685 ], [ 125.093765868200293, 8.464151258074139 ], [ 125.095517779921707, 8.46786361991019 ], [ 125.095396320184093, 8.470932874752407 ], [ 125.097099200867405, 8.474151258773645 ], [ 125.097900796284804, 8.475849663531221 ], [ 125.101152138660396, 8.481159722243433 ], [ 125.103946531906999, 8.489986219188722 ], [ 125.102816364683605, 8.49538783068391 ], [ 125.103213703149905, 8.505410210113155 ], [ 125.101234129851306, 8.509151258523787 ], [ 125.100432534433907, 8.512516330064614 ], [ 125.099561970009006, 8.515839084006586 ], [ 125.101270343751494, 8.519068046752977 ], [ 125.101079303467202, 8.523890434595955 ], [ 125.1020992012172, 8.52581792545692 ], [ 125.1029007966346, 8.527668104299607 ], [ 125.101106972908497, 8.531057996229606 ], [ 125.099534300567598, 8.5325153125317 ], [ 125.0996134427063, 8.534511772400435 ], [ 125.101884967417405, 8.543180595707952 ], [ 125.103747150410797, 8.544906060166568 ], [ 125.104567462518403, 8.548349663206466 ], [ 125.106387734406397, 8.553542941353726 ], [ 125.113553261773603, 8.553258924659701 ], [ 125.114567463217895, 8.557516329614941 ], [ 125.115432534583903, 8.559984591815521 ], [ 125.116234130001203, 8.564182996747945 ], [ 125.117099201367097, 8.566651258049149 ], [ 125.118333332017798, 8.571250461139925 ], [ 125.117190550903302, 8.572271375123933 ], [ 125.1151786280913, 8.575435030901986 ], [ 125.112592772338601, 8.577745415318702 ], [ 125.108773395675698, 8.582654472625848 ], [ 125.110452879596806, 8.584155123660082 ], [ 125.109391681380998, 8.587112480356723 ], [ 125.105692747322493, 8.592407890911488 ], [ 125.1021634919516, 8.59402776417005 ], [ 125.100880126117005, 8.595463921223029 ], [ 125.098689777811103, 8.597421114892597 ], [ 125.099606729267194, 8.599977063690574 ], [ 125.100393268234797, 8.604410047785507 ], [ 125.098726602350894, 8.607477064215175 ], [ 125.097887979147004, 8.611081393191796 ], [ 125.095393268784406, 8.613310397057205 ], [ 125.093880003859098, 8.615003919395406 ], [ 125.089357094754206, 8.61584823890513 ], [ 125.086024982467094, 8.6176589492012 ], [ 125.080899657093596, 8.616563774598546 ], [ 125.077490232787994, 8.616767021381008 ], [ 125.071257729560699, 8.615659437033457 ], [ 125.067406208429801, 8.615889132877214 ], [ 125.066273395400898, 8.618357190931647 ], [ 125.062846271538305, 8.623263400085875 ], [ 125.061273395950494, 8.626690523948582 ], [ 125.045393268884396, 8.627477063815491 ], [ 125.042275592744403, 8.629654798230376 ], [ 125.041666665384398, 8.632917127623386 ], [ 125.037746580840107, 8.630062513074563 ], [ 125.031226602125997, 8.62919052412343 ], [ 125.028630369995696, 8.628258924509794 ], [ 125.028799640391199, 8.625417127098785 ], [ 125.0286997463962, 8.623741915856783 ], [ 125.026070351765398, 8.618902845589901 ], [ 125.018773395675694, 8.620857191106552 ], [ 125.012893268409698, 8.62164373097346 ], [ 125.009744871428794, 8.623354546375253 ], [ 125.005440062309106, 8.626690523948582 ], [ 125.001723835186894, 8.627555188820963 ], [ 124.998380126141996, 8.631297254364824 ], [ 124.9962617991428, 8.633190158199284 ], [ 124.979449258576395, 8.63431890179595 ], [ 124.973761595221504, 8.633308362391062 ], [ 124.970856932501505, 8.63348149897206 ], [ 124.964682412163597, 8.631827650225944 ], [ 124.962979938873104, 8.62992213250044 ], [ 124.958333332517299, 8.630199231609311 ], [ 124.954583332255098, 8.629975639464249 ], [ 124.953732909046593, 8.630026299174403 ], [ 124.945633340406403, 8.626910250807498 ], [ 124.941408690558703, 8.631638644208124 ], [ 124.935655312842499, 8.63385035500994 ], [ 124.934213459483701, 8.63546392132298 ], [ 124.930393268934296, 8.636643730224023 ], [ 124.929606729067402, 8.638357190531963 ], [ 124.926320799665305, 8.639371798469767 ], [ 124.925423989425695, 8.645127007205645 ], [ 124.923298745740595, 8.647026013839536 ], [ 124.918074746752296, 8.648310397706723 ], [ 124.913773395525794, 8.644977064140221 ], [ 124.912499998675997, 8.644583794206767 ], [ 124.912129515764605, 8.643287611234314 ], [ 124.909537148920293, 8.64004664433719 ], [ 124.908796182198103, 8.63662094410131 ], [ 124.907705280274499, 8.633783216122595 ], [ 124.908115233531305, 8.63048813162203 ], [ 124.9069569894735, 8.626432345676278 ], [ 124.907475991823603, 8.622260999545517 ], [ 124.904870400448701, 8.619007418757406 ], [ 124.899860838506896, 8.615347954144795 ], [ 124.894537148770496, 8.613379977603927 ], [ 124.8937251778747, 8.605062106630953 ], [ 124.889312132648897, 8.601838432797479 ], [ 124.886536050498407, 8.600668796128105 ], [ 124.883513385934094, 8.596893974577313 ], [ 124.8761175520834, 8.592546643712694 ], [ 124.874542031589499, 8.59410975446167 ], [ 124.873517657913695, 8.596540581482714 ], [ 124.870904335966401, 8.596865695395593 ], [ 124.865174559158604, 8.595229546206667 ], [ 124.860558063903596, 8.594655204973776 ], [ 124.857870482237004, 8.595787610609818 ], [ 124.856897174764896, 8.598097791779708 ], [ 124.850152586772495, 8.598936821477196 ], [ 124.846296182323002, 8.597454277393012 ], [ 124.843703815478804, 8.596713310670793 ], [ 124.841736856071094, 8.595556897632775 ], [ 124.838333332217502, 8.594583794306686 ], [ 124.837638345133499, 8.592087863564075 ], [ 124.835470376456797, 8.590780082934543 ], [ 124.832077228981007, 8.589391330045885 ], [ 124.831168821983596, 8.586129203899702 ], [ 124.827151284204405, 8.583028211083104 ], [ 124.829529621394997, 8.57994674974276 ], [ 124.830576984440299, 8.579138440886368 ], [ 124.8313163233897, 8.574134575250469 ], [ 124.830362954786594, 8.572554171437901 ], [ 124.829637042715405, 8.569946749942631 ], [ 124.827029621220106, 8.56672083859587 ], [ 124.825629474820502, 8.563299614285825 ], [ 124.819529621594796, 8.562554171637771 ], [ 124.812941282714107, 8.559935356631456 ], [ 124.811381427510895, 8.560165662215582 ], [ 124.808618366644396, 8.55849899633165 ], [ 124.805242104839294, 8.558000135198142 ], [ 124.803333332467304, 8.558750461164891 ], [ 124.803053384306295, 8.558197075035025 ], [ 124.800833332292498, 8.55708379438164 ], [ 124.799552408117194, 8.552531385714929 ], [ 124.798625080283301, 8.545443983353209 ], [ 124.794898476783402, 8.543364718407076 ], [ 124.788506875392102, 8.546748507537643 ], [ 124.786663409988506, 8.548888197032738 ], [ 124.784606525570794, 8.550035861465858 ], [ 124.783749998663595, 8.549966891558824 ], [ 124.777615355164599, 8.550459852240465 ], [ 124.775730589295307, 8.546235812133091 ], [ 124.773966470176603, 8.548283338205522 ], [ 124.767933551692096, 8.546632337612323 ], [ 124.766249999238099, 8.546767631620924 ], [ 124.764556273653199, 8.546631523725864 ], [ 124.763722940261601, 8.547598727499349 ], [ 124.759874877024004, 8.547289483023292 ], [ 124.757947590309101, 8.548364718756829 ], [ 124.754166665958905, 8.548750460465442 ], [ 124.754166665958905, 8.546250461189857 ], [ 124.752499999175697, 8.546250461189857 ], [ 124.754365436815505, 8.542510836406052 ], [ 124.753179320069705, 8.540081841303959 ], [ 124.756386717972802, 8.538470512504205 ], [ 124.756946613395598, 8.537363742043112 ], [ 124.758053383856705, 8.536803846620273 ], [ 124.758333332017699, 8.533750461214879 ], [ 124.758651121851798, 8.533234917657353 ], [ 124.760253497900607, 8.532247368521269 ], [ 124.7621616605322, 8.528742322899916 ], [ 124.765920409399399, 8.527461398724597 ], [ 124.766666665933897, 8.526250460690278 ], [ 124.767499998426302, 8.524583793907027 ], [ 124.772263995986705, 8.524010267459914 ], [ 124.776280923126095, 8.525802869906556 ], [ 124.777963865839794, 8.527755995043208 ], [ 124.783503213003002, 8.525653943974362 ], [ 124.784680988536806, 8.523014783605447 ], [ 124.790037230134104, 8.518870903669324 ], [ 124.795627033760596, 8.5119773897448 ], [ 124.800447589684595, 8.509198052048532 ], [ 124.801776731910806, 8.507655489908984 ], [ 124.807173257739706, 8.505673678197752 ], [ 124.810389606595095, 8.505932060616146 ], [ 124.811804401152202, 8.504290011874616 ], [ 124.813749998963303, 8.5041335586169 ], [ 124.817835691863706, 8.504461927176237 ], [ 124.8208441147641, 8.50097010608556 ], [ 124.8244191474258, 8.499374850868719 ], [ 124.825447589634607, 8.497531385465095 ], [ 124.826219073951194, 8.48830286998151 ], [ 124.829552407517696, 8.482328341779578 ], [ 124.828776244028504, 8.470731254843599 ], [ 124.825835163262198, 8.470967460879649 ], [ 124.824198810826502, 8.458461153959149 ], [ 124.822114256967396, 8.450802870056464 ], [ 124.820467528153898, 8.449384006067078 ], [ 124.820264281371607, 8.446853691544675 ], [ 124.822976276933701, 8.441992851389045 ], [ 124.822749225996105, 8.43916712756095 ], [ 124.823468830222396, 8.430213066280032 ], [ 124.8203812651833, 8.425858411336662 ], [ 124.8205122874122, 8.424227348713202 ], [ 124.818714598400106, 8.421691745277883 ], [ 124.818843789609204, 8.42008224839708 ], [ 124.817238361261403, 8.417204440332682 ], [ 124.816170043113104, 8.412306572390435 ], [ 124.817052407542604, 8.407469536390067 ], [ 124.820330809619193, 8.405416109865598 ], [ 124.816812742714006, 8.39614568417602 ], [ 124.814359740209895, 8.394032239596243 ], [ 124.814673257365001, 8.39013026200206 ], [ 124.813673094337901, 8.387406263188552 ], [ 124.814592893946994, 8.381370496551199 ], [ 124.817865802964604, 8.378550672275765 ], [ 124.817950234915401, 8.377500461077489 ], [ 124.817237547374901, 8.368631239140427 ], [ 124.819532876241297, 8.364517062912171 ], [ 124.817138873760101, 8.357997490691673 ], [ 124.821219074500704, 8.354482272838652 ], [ 124.820447590184202, 8.35163620274858 ], [ 124.819438475305503, 8.348887790039555 ], [ 124.819616901698694, 8.34666712738607 ], [ 124.819516397064206, 8.345417127298617 ], [ 124.819903969792506, 8.340592908436008 ], [ 124.817497964059797, 8.336751762783649 ], [ 124.815833332442395, 8.336250460890085 ], [ 124.815277302305702, 8.334700777918613 ], [ 124.813773395725704, 8.32664373102341 ], [ 124.812843422985694, 8.325812635145041 ], [ 124.813015948926903, 8.322917127523453 ], [ 124.8128670238941, 8.320415906968606 ], [ 124.813756916548499, 8.315647230235527 ], [ 124.817893268259795, 8.309143730698679 ], [ 124.823619383927493, 8.306942396274621 ], [ 124.825035195617801, 8.302996879802208 ], [ 124.824533690477594, 8.29458257362694 ], [ 124.825393268784396, 8.28997706448996 ], [ 124.826595050820998, 8.287765353688144 ], [ 124.827893268959201, 8.280810397182108 ], [ 124.829443764917897, 8.279424899839285 ], [ 124.829657795470894, 8.275833794494076 ], [ 124.829476316778695, 8.272788953547433 ], [ 124.830442300172095, 8.269181979664666 ], [ 124.830166827936907, 8.264560193698003 ], [ 124.831273396050506, 8.262523857889789 ], [ 124.833210854997006, 8.25624944355701 ], [ 124.8345599351929, 8.253310397057248 ], [ 124.836273395500797, 8.250857191306409 ], [ 124.841598713010299, 8.238092705214228 ], [ 124.844072874763498, 8.235323336502802 ], [ 124.847153726363402, 8.232570855260803 ], [ 124.848726601951199, 8.227477063715583 ], [ 124.850440062259196, 8.223357191181492 ], [ 124.853177082356495, 8.216237236958989 ], [ 124.858615518391503, 8.214557956284693 ], [ 124.859878945357096, 8.209841362888653 ], [ 124.858367715597595, 8.201337741443638 ], [ 124.860487466223603, 8.197436984229512 ], [ 124.860275877329997, 8.19388901036956 ], [ 124.862609047869299, 8.186333265367978 ], [ 124.863773395625799, 8.184190524473195 ], [ 124.864559935492693, 8.172477064365069 ], [ 124.866226602275901, 8.16309840166997 ], [ 124.865440062408993, 8.159977064390034 ], [ 124.864559935492693, 8.157523857739875 ], [ 124.863773395625799, 8.152477063865433 ], [ 124.862728473340397, 8.148575290417341 ], [ 124.862970173334901, 8.144520928098416 ], [ 124.861783853342203, 8.139422458279853 ], [ 124.8571067293921, 8.139143730498802 ], [ 124.856666665034595, 8.138750460565348 ] ] ] ] } },
{ "type": "Feature", "properties": { "Name": "3", "description": null, "altitudeMode": "clampToGround", "OBJECTID_1": "3", "OBJECTID_2": "3", "FID": "2", "Shape_Leng": "1.860626", "Shape_Le_1": "1.860626", "Shape_Le_2": "1.860626", "Field_1": "3", "Id": "10760", "gridcode": "7991" }, "geometry": { "type": "MultiPolygon", "coordinates": [ [ [ [ 124.558333332417405, 7.951250460940059 ], [ 124.558734129676395, 7.950817925706758 ], [ 124.559599201042403, 7.950016330289486 ], [ 124.560697020551203, 7.948831434822921 ], [ 124.571249999088195, 7.949249728392317 ], [ 124.575314126245999, 7.949088595961996 ], [ 124.577647907425103, 7.950323540499028 ], [ 124.579486489509904, 7.94833928712842 ], [ 124.582601114250096, 7.947516330114581 ], [ 124.586802977075806, 7.950407769203252 ], [ 124.588128864655502, 7.95597397192131 ], [ 124.592097573744098, 7.955816704777135 ], [ 124.594567462818205, 7.957516329914768 ], [ 124.597281086153302, 7.958375501728085 ], [ 124.598861286719099, 7.958312838766517 ], [ 124.602009479553899, 7.954915012118136 ], [ 124.607870685983499, 7.955147351968776 ], [ 124.609517413897606, 7.951657972537475 ], [ 124.615432534683805, 7.950849663681083 ], [ 124.618038735799104, 7.949056450594753 ], [ 124.621249998988304, 7.94918360753752 ], [ 124.624166665858993, 7.949068047352569 ], [ 124.627098590627497, 7.949184217277832 ], [ 124.628054808282897, 7.947158256948057 ], [ 124.631265868225299, 7.944182996548079 ], [ 124.632067462743294, 7.943317925182157 ], [ 124.633765868400104, 7.942516330664205 ], [ 124.634567462918099, 7.941651258398906 ], [ 124.636265867675704, 7.940849663880954 ], [ 124.639398599365904, 7.939191948949315 ], [ 124.640510862886103, 7.934522352324734 ], [ 124.645400796109897, 7.937516330314452 ], [ 124.647932534259098, 7.938317924832404 ], [ 124.648734129676399, 7.939182997097703 ], [ 124.652099201217197, 7.939984591615655 ], [ 124.657189126576995, 7.942677869588067 ], [ 124.662083332479796, 7.942483981150872 ], [ 124.664583332654701, 7.942583062158633 ], [ 124.667872313456499, 7.942452650569408 ], [ 124.669802041830906, 7.943473768699505 ], [ 124.674624429673699, 7.943282525168456 ], [ 124.677900796584595, 7.945016329939733 ], [ 124.684943032295195, 7.947979993581896 ], [ 124.688734129776293, 7.946651258748659 ], [ 124.695087889494502, 7.945639092470174 ], [ 124.705254312436594, 7.946042128141755 ], [ 124.706294351403201, 7.944919691490611 ], [ 124.709073892346296, 7.94502975771718 ], [ 124.716234129901196, 7.949182996897832 ], [ 124.721153359439995, 7.950740410441654 ], [ 124.723734129526505, 7.952516330464334 ], [ 124.727099201067304, 7.953317924982287 ], [ 124.729660033184004, 7.95508000983466 ], [ 124.736166177627098, 7.954822034809126 ], [ 124.742645465615894, 7.955950371912195 ], [ 124.746970213604499, 7.954434462080826 ], [ 124.754801024347898, 7.956072848782981 ], [ 124.761262612779404, 7.955816704777135 ], [ 124.765963540884698, 7.957464450723876 ], [ 124.770462644935193, 7.95436854357348 ], [ 124.775766193455098, 7.95843551978345 ], [ 124.779166665909003, 7.958300835515217 ], [ 124.780425210455206, 7.958350680439594 ], [ 124.787131956774502, 7.957476250728462 ], [ 124.787066445660003, 7.955821994589428 ], [ 124.787983600363006, 7.95232142489391 ], [ 124.800305784584296, 7.952809909649659 ], [ 124.802996621796794, 7.95423365605842 ], [ 124.802817584763801, 7.958750461464661 ], [ 124.802982786626302, 7.96291712752344 ], [ 124.802899575954697, 7.965013074893534 ], [ 124.804293821902405, 7.968990532587043 ], [ 124.807071735072597, 7.971564588335127 ], [ 124.807900796684507, 7.974182996847901 ], [ 124.809599201442097, 7.976651258149104 ], [ 124.810400795960106, 7.980016330589251 ], [ 124.813668821658894, 7.984278008223555 ], [ 124.815400796309802, 7.993349663955883 ], [ 124.817250975152405, 7.997854057818586 ], [ 124.817023924214794, 8.00358383462634 ], [ 124.815393472230994, 8.006665093619233 ], [ 124.817996011307002, 8.013001356127745 ], [ 124.8223486319838, 8.015055392392469 ], [ 124.826357013765204, 8.019381768154119 ], [ 124.8262331123683, 8.022511244298528 ], [ 124.8271002189, 8.026656344614651 ], [ 124.8270155828029, 8.028794406336829 ], [ 124.820801593918503, 8.034552055832762 ], [ 124.819473672072405, 8.035985161486053 ], [ 124.819600218375399, 8.039175672819113 ], [ 124.818459674774203, 8.047922824378873 ], [ 124.820432534633795, 8.051651258898517 ], [ 124.822269285698994, 8.055543063361711 ], [ 124.821102700429407, 8.063366142633413 ], [ 124.821415403697998, 8.071256564938551 ], [ 124.820370074919097, 8.074239149417281 ], [ 124.820634561036201, 8.080912325843201 ], [ 124.819567463267802, 8.084984591865464 ], [ 124.8183260076393, 8.092777967429299 ], [ 124.8162341297013, 8.095817925057247 ], [ 124.811447549264997, 8.103572035321235 ], [ 124.808390908313896, 8.111867526665094 ], [ 124.809599201442097, 8.114151258773632 ], [ 124.810400795960106, 8.115849663531208 ], [ 124.812848103057604, 8.117004652043079 ], [ 124.818571165526905, 8.114998833829191 ], [ 124.827932534259205, 8.114182996747957 ], [ 124.830447996477901, 8.112452243376367 ], [ 124.834583331955301, 8.112616020712835 ], [ 124.838759357258596, 8.11245061560345 ], [ 124.839803262410697, 8.117918552099525 ], [ 124.843365070541594, 8.121218723165612 ], [ 124.845769855894204, 8.123813937263435 ], [ 124.850403848358994, 8.128107761164301 ], [ 124.851334227592602, 8.134916232498199 ], [ 124.854999999150706, 8.139583793957001 ], [ 124.852893268909298, 8.144143730848555 ], [ 124.852106729042404, 8.148357191331343 ], [ 124.851028441009802, 8.150341443802631 ], [ 124.8445599349931, 8.153310397257087 ], [ 124.841273395850607, 8.155857190956624 ], [ 124.838742878081504, 8.157018690560164 ], [ 124.8345599351929, 8.15831039760684 ], [ 124.833031004977002, 8.160021416255404 ], [ 124.833874103207293, 8.174167127910664 ], [ 124.833597207345306, 8.178814751399727 ], [ 124.831878253978303, 8.181977796538149 ], [ 124.832157794746493, 8.186667127885698 ], [ 124.831984048425198, 8.189583794756345 ], [ 124.832207437323405, 8.193333794119326 ], [ 124.831976316953501, 8.197211968457623 ], [ 124.833696084207006, 8.2036328661639 ], [ 124.830705768256607, 8.209135389686537 ], [ 124.829292194079599, 8.216709241638227 ], [ 124.824559935392799, 8.222477064265149 ], [ 124.824166665459302, 8.223750461114946 ], [ 124.823271279745896, 8.22452174218472 ], [ 124.821583454612806, 8.226480970120747 ], [ 124.817885740934202, 8.229136203173312 ], [ 124.817089435329194, 8.233501640987981 ], [ 124.814709268018404, 8.235552218460157 ], [ 124.811515502038901, 8.240651298918351 ], [ 124.810062051022896, 8.245479179820336 ], [ 124.808719074525698, 8.246636203498042 ], [ 124.806312051659901, 8.250479180170089 ], [ 124.803719074176001, 8.254136203123323 ], [ 124.800418293369603, 8.259861097511703 ], [ 124.799614256292998, 8.262531385215311 ], [ 124.798310952488606, 8.266080376208436 ], [ 124.793145343782598, 8.274861097661585 ], [ 124.791615395534095, 8.276179252870293 ], [ 124.788009642031398, 8.284260104820021 ], [ 124.786219074750505, 8.285802870206339 ], [ 124.785447590434103, 8.286698051773726 ], [ 124.7837190745757, 8.287469536090271 ], [ 124.780525511842896, 8.28973373762193 ], [ 124.779545083538906, 8.297227023808148 ], [ 124.771669513537304, 8.303613132140413 ], [ 124.769011636477899, 8.306698255520132 ], [ 124.766514281209197, 8.313279066175994 ], [ 124.764253945863004, 8.315226494107492 ], [ 124.762114256367894, 8.32086471903159 ], [ 124.760370889105303, 8.325004733681567 ], [ 124.761300251205697, 8.32667078982513 ], [ 124.759366454298501, 8.329398450678013 ], [ 124.756219074450797, 8.330802869756667 ], [ 124.754614256742599, 8.333364719006624 ], [ 124.751219074101101, 8.337469535990351 ], [ 124.750363971719906, 8.339385633340328 ], [ 124.748719074825502, 8.340802869556853 ], [ 124.746609292285001, 8.343251600281178 ], [ 124.745447590333995, 8.348364719156507 ], [ 124.743802692540299, 8.349781955372976 ], [ 124.742861327188507, 8.351891533767343 ], [ 124.739268187576798, 8.354969536315082 ], [ 124.7351700831329, 8.352682956053627 ], [ 124.730710448528399, 8.347506564476419 ], [ 124.724986163880402, 8.346698052373256 ], [ 124.718891193973505, 8.348936414583932 ], [ 124.717947590209207, 8.350031385040438 ], [ 124.715833332642205, 8.35041712764837 ], [ 124.713388263957299, 8.349991712347673 ], [ 124.713957315377897, 8.345417127298617 ], [ 124.713490802858402, 8.341667127935636 ], [ 124.7139076728009, 8.338316297159452 ], [ 124.716482949828304, 8.334790703827991 ], [ 124.716094562314296, 8.331667127236187 ], [ 124.716520588254596, 8.328240817259939 ], [ 124.714914753413197, 8.322617241392607 ], [ 124.706603392632502, 8.321407524637607 ], [ 124.700666706103704, 8.317917737813389 ], [ 124.699280393975101, 8.319648898577839 ], [ 124.699709674561902, 8.323099012709292 ], [ 124.698688760577895, 8.326673841224817 ], [ 124.6997163889002, 8.329347384474261 ], [ 124.699445595837702, 8.331525118889147 ], [ 124.696203815953396, 8.334120944526035 ], [ 124.695462849231205, 8.34087997742904 ], [ 124.694537149170202, 8.341620944151316 ], [ 124.693300983353794, 8.343164929917634 ], [ 124.694653319095394, 8.346683200069663 ], [ 124.690018106250704, 8.352478895384763 ], [ 124.685370481862293, 8.353287610734697 ], [ 124.6831422918833, 8.354597628877514 ], [ 124.682129515864503, 8.35903468150542 ], [ 124.685583291135998, 8.364910536092395 ], [ 124.685324705470904, 8.366989800139208 ], [ 124.683333942807295, 8.36858383497605 ], [ 124.684900104955901, 8.371248019880284 ], [ 124.682037149195097, 8.372454277842678 ], [ 124.681296182472906, 8.375046643787641 ], [ 124.6791461174994, 8.376768242060791 ], [ 124.677121174302798, 8.376516370733952 ], [ 124.676296182123195, 8.377546643962489 ], [ 124.6712713613842, 8.380598605741113 ], [ 124.6687961824979, 8.387546643762676 ], [ 124.667767332896105, 8.389296522116865 ], [ 124.669629515889497, 8.390787610659743 ], [ 124.6708634432933, 8.392328748273144 ], [ 124.672037149394995, 8.399452975174711 ], [ 124.669907835378396, 8.401158297517441 ], [ 124.666204629540104, 8.40578272839025 ], [ 124.665245156338997, 8.412374931657837 ], [ 124.667129515714706, 8.414954277218158 ], [ 124.667870482436896, 8.419213310845691 ], [ 124.668333332017696, 8.420417127148767 ], [ 124.667893268559496, 8.420810397082221 ], [ 124.666986896728005, 8.432389377068148 ], [ 124.668322956539299, 8.434848280024141 ], [ 124.665944619348807, 8.435939791688099 ], [ 124.662916665871506, 8.435759331028351 ], [ 124.661086017605697, 8.43586838102101 ], [ 124.658117267397998, 8.439191134962982 ], [ 124.655132038013207, 8.445695040993371 ], [ 124.652059935018102, 8.446643730423887 ], [ 124.650292764499596, 8.447604017511424 ], [ 124.648060301841497, 8.454833631466954 ], [ 124.649606729267305, 8.459143730398864 ], [ 124.649999999200702, 8.46458379420676 ], [ 124.648758137078403, 8.465473890108001 ], [ 124.647985431482496, 8.468402560230004 ], [ 124.647014565669707, 8.469098361200452 ], [ 124.646318765598593, 8.471473239598367 ], [ 124.648152668510903, 8.474361829634802 ], [ 124.643092243612202, 8.476313734391397 ], [ 124.644652098815399, 8.477431694217387 ], [ 124.645532632225198, 8.481824394979867 ], [ 124.6466666656341, 8.484583793807076 ], [ 124.6466666656341, 8.48541712719873 ], [ 124.645833332242603, 8.48541712719873 ], [ 124.643180744096099, 8.486097872618757 ], [ 124.642499998676001, 8.488750460765175 ], [ 124.641393228214994, 8.489310357087334 ], [ 124.640833331892907, 8.490417127548426 ], [ 124.640833331892907, 8.49125046094008 ], [ 124.639999998501096, 8.49125046094008 ], [ 124.638613279878996, 8.491530409101131 ], [ 124.637499999225597, 8.492083794331677 ], [ 124.636089069954707, 8.490994723427775 ], [ 124.634022418899605, 8.488317314892242 ], [ 124.628028969861106, 8.487299248161833 ], [ 124.623622028333997, 8.48795028987405 ], [ 124.620577594780201, 8.484006197927727 ], [ 124.619166665509297, 8.482917127923145 ], [ 124.618202920528503, 8.480292818958503 ], [ 124.622052407392701, 8.477881727559748 ], [ 124.620876260531105, 8.473441216139236 ], [ 124.617114257017406, 8.470200249242168 ], [ 124.618426105280605, 8.462721815359544 ], [ 124.6203029364315, 8.461104790253898 ], [ 124.621292316587201, 8.457489881652748 ], [ 124.620187377145797, 8.455509494467663 ], [ 124.6215769439209, 8.451725314571661 ], [ 124.618291421012401, 8.450735934415889 ], [ 124.619614256293005, 8.448364718956668 ], [ 124.620385741508798, 8.445802869706711 ], [ 124.621348265210401, 8.44497340160126 ], [ 124.621116128606602, 8.442083794431596 ], [ 124.621316933729503, 8.439583794256748 ], [ 124.621216429994305, 8.438333794169296 ], [ 124.621283567982402, 8.437500460777699 ], [ 124.621097614263604, 8.435187024961294 ], [ 124.622563679170497, 8.432559461350138 ], [ 124.619614256293005, 8.429136202773577 ], [ 124.616878660721696, 8.42831243187328 ], [ 124.614547931841699, 8.425025078844385 ], [ 124.614677123050797, 8.423415581064262 ], [ 124.613271279446096, 8.420895847065765 ], [ 124.612114256667695, 8.418302869581794 ], [ 124.610759276019905, 8.417135267178878 ], [ 124.6071142563179, 8.411295626492006 ], [ 124.608719074026098, 8.409136203173261 ], [ 124.6120524075926, 8.406264295560845 ], [ 124.611101887142496, 8.403642225008753 ], [ 124.6091263823768, 8.400101371980782 ], [ 124.608649494378696, 8.394167128010622 ], [ 124.609204507382202, 8.387261609935422 ], [ 124.607947589709497, 8.385802870006501 ], [ 124.605135090412205, 8.384041191647725 ], [ 124.603133543978004, 8.381717990093193 ], [ 124.600416665996406, 8.381499687760424 ], [ 124.597083332429904, 8.381767631770856 ], [ 124.594999998950797, 8.381600192395013 ], [ 124.593726805347799, 8.381702528049289 ], [ 124.592114257067394, 8.380802869656748 ], [ 124.587992959107893, 8.379866590870506 ], [ 124.585185952869395, 8.375384982231196 ], [ 124.582947589759598, 8.37413620342312 ], [ 124.5802500400074, 8.373324028381262 ], [ 124.580451659016902, 8.370813855974745 ], [ 124.5794934070951, 8.368203992820042 ], [ 124.579616901998506, 8.366667127885705 ], [ 124.579516397363903, 8.365417127798253 ], [ 124.579718830259793, 8.362898613280436 ], [ 124.5757409660728, 8.361437839085056 ], [ 124.572398477407901, 8.363302869332017 ], [ 124.571951089870893, 8.360151014457813 ], [ 124.572952065885204, 8.358356987485024 ], [ 124.572822874676007, 8.356748915130368 ], [ 124.574263304408106, 8.354167127910671 ], [ 124.572885740884303, 8.351698051823689 ], [ 124.571784463482203, 8.346850640344826 ], [ 124.564614256942505, 8.342359673360306 ], [ 124.566219074650704, 8.340802869556853 ], [ 124.568516234536702, 8.339777682893782 ], [ 124.566728717756206, 8.335771741872463 ], [ 124.564845987052806, 8.332397311087107 ], [ 124.567727253010403, 8.328333794569005 ], [ 124.565385741259007, 8.325031385090426 ], [ 124.564496865737894, 8.323039401147469 ], [ 124.558879800062797, 8.323490858116656 ], [ 124.554244179825105, 8.319860283325454 ], [ 124.550281777681903, 8.32017868379927 ], [ 124.547301838109405, 8.316719821062918 ], [ 124.542255654874694, 8.314468031074796 ], [ 124.537544961930493, 8.303397270567643 ], [ 124.539552407917299, 8.297930961844486 ], [ 124.538780923600797, 8.292469536440024 ], [ 124.537871906863103, 8.290840101589481 ], [ 124.539253742166593, 8.287077284189365 ], [ 124.536280923425906, 8.284969536814742 ], [ 124.531219074900505, 8.284198052498198 ], [ 124.529385578481794, 8.282069959760861 ], [ 124.527001544985396, 8.280740003648305 ], [ 124.522587076132695, 8.28109461802228 ], [ 124.519614256492801, 8.278533582658781 ], [ 124.520385740809402, 8.277469536290141 ], [ 124.521804401552004, 8.276247205644097 ], [ 124.523719074375904, 8.272815605855556 ], [ 124.521280923276095, 8.268302869881609 ], [ 124.519850056035395, 8.267069959610978 ], [ 124.519489541209396, 8.262582248172237 ], [ 124.520447589884398, 8.26086471843206 ], [ 124.521546426526498, 8.256028496318095 ], [ 124.524550170254201, 8.254688164727042 ], [ 124.525385741159099, 8.248302869381973 ], [ 124.5263771555814, 8.242833916651989 ], [ 124.525917968039806, 8.237119397742049 ], [ 124.528274738588394, 8.234384006316873 ], [ 124.531219074900505, 8.233302870131411 ], [ 124.534614256642698, 8.232531385814866 ], [ 124.5370707179394, 8.231629285762949 ], [ 124.543620807754095, 8.232645521473671 ], [ 124.545096637499896, 8.230000460652775 ], [ 124.543719074875398, 8.227531385465113 ], [ 124.542826943808507, 8.222641248994478 ], [ 124.539563190788698, 8.218038180617611 ], [ 124.536312865546407, 8.212212375101103 ], [ 124.535447590034295, 8.207469536789745 ], [ 124.534552407567602, 8.205031385689949 ], [ 124.533714598250199, 8.201344251635931 ], [ 124.531153359639902, 8.196753593903281 ], [ 124.532236937484797, 8.194811659030904 ], [ 124.530833332292602, 8.187083794581497 ], [ 124.531820881428601, 8.182736463716878 ], [ 124.526870522756397, 8.174524793684327 ], [ 124.522588499759493, 8.171514946257787 ], [ 124.526732379695702, 8.168196464994935 ], [ 124.524970905483002, 8.165200046245161 ], [ 124.524213052190703, 8.159107109705417 ], [ 124.526657510236006, 8.156054741433195 ], [ 124.531203816103201, 8.152858941187219 ], [ 124.529903359552506, 8.147761691748713 ], [ 124.527946573275798, 8.146611585656217 ], [ 124.524666340179493, 8.147019503747174 ], [ 124.523425495190494, 8.144074964188292 ], [ 124.522037148795505, 8.141713311220371 ], [ 124.5212961820732, 8.137454277592894 ], [ 124.520339354677503, 8.13582667376204 ], [ 124.522962848856395, 8.132546643912519 ], [ 124.5237038155786, 8.13078761135921 ], [ 124.525094400386394, 8.129674126559735 ], [ 124.525623981461706, 8.125417128098036 ], [ 124.5250773105695, 8.121022596315811 ], [ 124.526666055594106, 8.11975042074539 ], [ 124.525127155493905, 8.117132418726214 ], [ 124.526203815753604, 8.115787611209328 ], [ 124.530309243376905, 8.11461390510766 ], [ 124.531098021656504, 8.108273369920141 ], [ 124.529180296533497, 8.103284355688515 ], [ 124.530370482711703, 8.099120944276194 ], [ 124.532159423118998, 8.096672213551869 ], [ 124.531203816103201, 8.095046643987473 ], [ 124.530174152615103, 8.091444959916998 ], [ 124.524367878574793, 8.089213311145443 ], [ 124.520251056540999, 8.090522311255711 ], [ 124.517664590148797, 8.093752292034708 ], [ 124.5152876783837, 8.09514938703461 ], [ 124.511843667950998, 8.092391411834228 ], [ 124.512870482386901, 8.089954277867662 ], [ 124.5141660556191, 8.087750501784285 ], [ 124.512405597640296, 8.086340792893338 ], [ 124.511927895755903, 8.082500461127438 ], [ 124.512136433249907, 8.080824435998977 ], [ 124.510759886859304, 8.073524834103864 ], [ 124.511546019333394, 8.067204440132855 ], [ 124.508088784370003, 8.067634534606157 ], [ 124.507502236638999, 8.062918551849748 ], [ 124.512129515664697, 8.059213310845678 ], [ 124.514319050084197, 8.056478732407641 ], [ 124.516287230771098, 8.056723687048589 ], [ 124.521853229343193, 8.052266289058025 ], [ 124.522135211770703, 8.050000460652768 ], [ 124.522028401089898, 8.049141696232368 ], [ 124.523965860036498, 8.044653170907168 ], [ 124.523696491499905, 8.04248703325004 ], [ 124.524637247111301, 8.038345798220064 ], [ 124.523611042415695, 8.030141452266264 ], [ 124.520057778743507, 8.02729619696197 ], [ 124.521203815403894, 8.023287611034448 ], [ 124.523796182248006, 8.022546644312229 ], [ 124.525833331942806, 8.021348930808585 ], [ 124.528550414070395, 8.022946221191205 ], [ 124.532763263913594, 8.023470105960655 ], [ 124.533796182048306, 8.021713310920632 ], [ 124.534608763583606, 8.017043714296051 ], [ 124.541296182572907, 8.015879978078601 ], [ 124.542037149295098, 8.014120944625915 ], [ 124.5431616202127, 8.013220472346973 ], [ 124.542769978052107, 8.010070447593137 ], [ 124.543749998963307, 8.009948581361982 ], [ 124.549245604001499, 8.010632174934983 ], [ 124.549635211895506, 8.007500461277289 ], [ 124.549427895680907, 8.005833794494094 ], [ 124.550237832310103, 7.999322563485578 ], [ 124.548431802086, 7.996250461389707 ], [ 124.551075235133993, 7.991753593953263 ], [ 124.544889931924899, 7.990415296628669 ], [ 124.541415200651002, 7.988951063640741 ], [ 124.545370481962195, 7.985787611109402 ], [ 124.547548013130395, 7.984870253159727 ], [ 124.550462848981397, 7.980879977429083 ], [ 124.551203815703602, 7.97828761148412 ], [ 124.552224527340201, 7.976551567400975 ], [ 124.552031452789393, 7.975000460802676 ], [ 124.552135212070397, 7.974167127411022 ], [ 124.5519930004766, 7.97302393890368 ], [ 124.552870482486796, 7.969954277567922 ], [ 124.5538993311892, 7.968204400112995 ], [ 124.552499998675998, 7.967083794481596 ], [ 124.552159625966098, 7.965757500408358 ], [ 124.551144000894993, 7.965056409625674 ], [ 124.551623533799102, 7.96291712752344 ], [ 124.550814411056294, 7.959307101341722 ], [ 124.552840371386097, 7.955757500608229 ], [ 124.553826292749307, 7.955076755188145 ], [ 124.555137328025396, 7.953177747654991 ], [ 124.557691853196502, 7.953750461114964 ], [ 124.558333332417405, 7.951250460940059 ] ] ] ] } },
{ "type": "Feature", "properties": { "Name": "4", "description": null, "altitudeMode": "clampToGround", "OBJECTID_1": "4", "OBJECTID_2": "0", "FID": "3", "Shape_Leng": "1.86886", "Shape_Le_1": "0", "Shape_Le_2": "1.86886", "Field_1": "4", "Id": "20263", "gridcode": "18317" }, "geometry": { "type": "MultiPolygon", "coordinates": [ [ [ [ 125.240833331593095, 6.097917128372842 ], [ 125.240833331593095, 6.099583795156093 ], [ 125.241113279754103, 6.101803847169833 ], [ 125.2433333317679, 6.102917128722538 ], [ 125.242853189123494, 6.105118869640194 ], [ 125.245365802290095, 6.107283583670494 ], [ 125.2455775944305, 6.109919488493631 ], [ 125.242947590059302, 6.112185520145658 ], [ 125.2445524077675, 6.114198052698043 ], [ 125.246866453324202, 6.116191867660632 ], [ 125.247964883472605, 6.119183404890293 ], [ 125.247010700083806, 6.120005344770902 ], [ 125.249614256292901, 6.121636204147535 ], [ 125.250385740609502, 6.124198053397493 ], [ 125.252947589859502, 6.124969537714037 ], [ 125.253719074176104, 6.125864719281424 ], [ 125.255221963622802, 6.127159478627107 ], [ 125.255550535428895, 6.131250462239109 ], [ 125.255338336794907, 6.133891249481621 ], [ 125.256599323000401, 6.136717177455807 ], [ 125.259665119050098, 6.13842778961083 ], [ 125.263698118873094, 6.13810348958441 ], [ 125.263888345270999, 6.140472466631081 ], [ 125.262829995208193, 6.144339247458333 ], [ 125.262983600313007, 6.146250461489672 ], [ 125.262782795189906, 6.14875046166452 ], [ 125.263084104947595, 6.15250046192682 ], [ 125.262710772983795, 6.157146051149368 ], [ 125.267241006167495, 6.162622532104194 ], [ 125.266883340393903, 6.167071587983457 ], [ 125.268116657158103, 6.170429335445533 ], [ 125.2678830960281, 6.173333794918733 ], [ 125.268090208996, 6.175911513605513 ], [ 125.266788125571594, 6.183093316903126 ], [ 125.275047606262106, 6.182429661299864 ], [ 125.280372313131807, 6.184032851235145 ], [ 125.280651040013595, 6.187500461677018 ], [ 125.280268552951398, 6.192261611084518 ], [ 125.281948444265396, 6.194211480675335 ], [ 125.283830971722097, 6.194060113083822 ], [ 125.285385741259006, 6.19586471968114 ], [ 125.287183836764697, 6.196667128085551 ], [ 125.286996458519795, 6.198999078244924 ], [ 125.287885740534506, 6.200031386639239 ], [ 125.289530638328401, 6.201448622855708 ], [ 125.291107175955503, 6.204981337019149 ], [ 125.294212034957496, 6.206366835261292 ], [ 125.297454628728303, 6.213634087643072 ], [ 125.301600137336607, 6.215483859992219 ], [ 125.302885740684502, 6.218364719456304 ], [ 125.3074605289803, 6.219403944536452 ], [ 125.310653074579804, 6.22310959293344 ], [ 125.316998289839304, 6.224266818958597 ], [ 125.318780923301006, 6.225802870905795 ], [ 125.319552407617607, 6.226698052473182 ], [ 125.320895180868007, 6.227855279397659 ], [ 125.322052407792398, 6.231698052822935 ], [ 125.324313556125702, 6.233646295540154 ], [ 125.325488280260004, 6.238816380171841 ], [ 125.329552407417694, 6.241698052623065 ], [ 125.333548989194597, 6.242901259185828 ], [ 125.334614256842499, 6.245802870506111 ], [ 125.335385741159101, 6.250864719930917 ], [ 125.3398079414834, 6.251869357984504 ], [ 125.341219074001202, 6.255031385989696 ], [ 125.343780923251103, 6.255802870306241 ], [ 125.347952065235603, 6.259069472378315 ], [ 125.349999998700994, 6.259234266848011 ], [ 125.351267088605397, 6.259132135339826 ], [ 125.3546024564383, 6.260045220610493 ], [ 125.355464679651305, 6.259044244596282 ], [ 125.361219074500696, 6.257469537089492 ], [ 125.369422605668802, 6.256632541658519 ], [ 125.372030841949794, 6.254385634089772 ], [ 125.372885741084104, 6.252469537639115 ], [ 125.376779783959904, 6.249114638329957 ], [ 125.378186034058302, 6.245963189949293 ], [ 125.382259926954106, 6.244736789871013 ], [ 125.386302489268502, 6.241570692433584 ], [ 125.389696450630694, 6.241843723908801 ], [ 125.393285317563397, 6.24076299421688 ], [ 125.3971142567176, 6.238364719955882 ], [ 125.399567055974899, 6.236625624473049 ], [ 125.404855141551593, 6.23777918935815 ], [ 125.410937498466893, 6.236397353155383 ], [ 125.413796385694695, 6.233079075139244 ], [ 125.418845213835695, 6.234460911342012 ], [ 125.424337156834298, 6.234019423357722 ], [ 125.428719073826301, 6.235864719781034 ], [ 125.431280923076201, 6.236636204097579 ], [ 125.434166664959704, 6.237695774540384 ], [ 125.437820230019597, 6.236354221670069 ], [ 125.439552407017999, 6.238364719955882 ], [ 125.440447589484705, 6.239136204272484 ], [ 125.441801756246207, 6.240707655334063 ], [ 125.444614256442804, 6.242469536939609 ], [ 125.4507381170705, 6.24753504840379 ], [ 125.454521483080001, 6.249645643931387 ], [ 125.461982420652305, 6.251340794042449 ], [ 125.463052977213195, 6.253739475696307 ], [ 125.465447589434802, 6.255802870306241 ], [ 125.466866453424103, 6.257449599119752 ], [ 125.469999999000805, 6.257701470446534 ], [ 125.473380939079107, 6.257429661150013 ], [ 125.477822264386106, 6.25876673809455 ], [ 125.4804475895846, 6.262469537439245 ], [ 125.481830239673897, 6.265567682102869 ], [ 125.486814777080298, 6.269690810182794 ], [ 125.495416665646601, 6.268999892531042 ], [ 125.500853677155504, 6.269436497196637 ], [ 125.503522947725997, 6.26794723877407 ], [ 125.508719074026104, 6.268364719356384 ], [ 125.509166664809797, 6.268750461964316 ], [ 125.5084191878952, 6.270833795443366 ], [ 125.509779458355396, 6.274625299418062 ], [ 125.509488524076204, 6.279507297923487 ], [ 125.504600828365596, 6.277474420008502 ], [ 125.502916665271997, 6.277574924643091 ], [ 125.498227130677606, 6.2772953838749 ], [ 125.495692544375501, 6.278672743252571 ], [ 125.492963458996499, 6.282963922247291 ], [ 125.490063475449105, 6.287115940148567 ], [ 125.488629555909398, 6.288396864323886 ], [ 125.488824461479794, 6.291667128435279 ], [ 125.488694659630895, 6.293844048963763 ], [ 125.486226398329705, 6.294976861093289 ], [ 125.482106932289199, 6.298357395577398 ], [ 125.479482827470505, 6.299561415127243 ], [ 125.479682615460405, 6.302917128322861 ], [ 125.479508869139096, 6.305833795193564 ], [ 125.479840086750599, 6.311389621533863 ], [ 125.477059731921102, 6.314976861592925 ], [ 125.475880125367595, 6.318797255389086 ], [ 125.474559731746197, 6.319976861043358 ], [ 125.472940265880695, 6.321821343580211 ], [ 125.474812416959594, 6.323494114062157 ], [ 125.478022052375906, 6.323302870531109 ], [ 125.479747312688403, 6.325233616038588 ], [ 125.481226397979995, 6.330024061761094 ], [ 125.485114744549804, 6.335590468625298 ], [ 125.486226398329705, 6.339190729068946 ], [ 125.488796792038301, 6.340370334723218 ], [ 125.491226398679402, 6.341690728344474 ], [ 125.493240965498202, 6.342615208025507 ], [ 125.495393064738195, 6.345024061910976 ], [ 125.496975910210196, 6.346438043480987 ], [ 125.499544676146002, 6.35047653636309 ], [ 125.500747476215096, 6.3569214414714 ], [ 125.505949705314706, 6.359309137007131 ], [ 125.510042316699597, 6.359065402746182 ], [ 125.511226398279803, 6.361780653854169 ], [ 125.507893064713201, 6.363310194709754 ], [ 125.506376137748603, 6.365008192973789 ], [ 125.505440265456002, 6.370024061860988 ], [ 125.504559732046005, 6.37164352772669 ], [ 125.503773598672794, 6.374498752915145 ], [ 125.505543618243493, 6.379432834757552 ], [ 125.510416664897207, 6.379142306971914 ], [ 125.513415526205705, 6.379320936611975 ], [ 125.519501951653893, 6.390470839257887 ], [ 125.520417885976698, 6.393436741312598 ], [ 125.523773599172301, 6.39497686179277 ], [ 125.524999998351305, 6.397083795280992 ], [ 125.522052407392707, 6.398302870381201 ], [ 125.513979083667905, 6.401886448400944 ], [ 125.512864175241603, 6.404385633790014 ], [ 125.511219074200994, 6.405802870905802 ], [ 125.509629312043202, 6.414517063211974 ], [ 125.505570880291998, 6.421791639672506 ], [ 125.499680988187194, 6.426348117771454 ], [ 125.498780923301098, 6.428364719756075 ], [ 125.497052407442794, 6.430802870855871 ], [ 125.496666664834805, 6.43208379503119 ], [ 125.494029132238794, 6.435377251758837 ], [ 125.489098305942093, 6.433969374786841 ], [ 125.485865884403097, 6.435211643402681 ], [ 125.483749998163901, 6.434948785058452 ], [ 125.482650145288105, 6.435085503593143 ], [ 125.479629311743494, 6.430787815305507 ], [ 125.476315103159607, 6.428774875360261 ], [ 125.474629311393599, 6.430879774581968 ], [ 125.470134682369803, 6.432541558945843 ], [ 125.468342690562693, 6.434779514662921 ], [ 125.463305255932795, 6.438320367690892 ], [ 125.458704018575702, 6.439121148322386 ], [ 125.456982420302595, 6.441270806802322 ], [ 125.457136636046897, 6.442513889304621 ], [ 125.456161294308302, 6.44680873033866 ], [ 125.451760659726702, 6.452832900218198 ], [ 125.448298338197802, 6.454292046640717 ], [ 125.447129312168002, 6.458379774706884 ], [ 125.446204018600596, 6.460787815605272 ], [ 125.445462645384893, 6.463379775056637 ], [ 125.441204019150206, 6.468287815230553 ], [ 125.440270995010493, 6.474697727718024 ], [ 125.441531981216002, 6.479113824343585 ], [ 125.439025470848804, 6.480170139240556 ], [ 125.436295978076899, 6.479121148422337 ], [ 125.433704018625605, 6.47837977520652 ], [ 125.430376788757798, 6.47422490825295 ], [ 125.424297280894905, 6.473379774856767 ], [ 125.422962644710296, 6.475046441640018 ], [ 125.422037352042295, 6.475787814855835 ], [ 125.419349363882105, 6.479143934544993 ], [ 125.412870685633706, 6.479954481813934 ], [ 125.410651040113507, 6.483608453367481 ], [ 125.411666665184498, 6.48625046188937 ], [ 125.408765867750603, 6.487516330514268 ], [ 125.405066730445398, 6.488397271317069 ], [ 125.400332030099193, 6.490902967797751 ], [ 125.398693439250906, 6.496078342241731 ], [ 125.397067463192897, 6.49915125912338 ], [ 125.395329588090107, 6.502833714004737 ], [ 125.382508950127999, 6.514507704666869 ], [ 125.3812658676258, 6.515849664030839 ], [ 125.379831135098897, 6.517179009503707 ], [ 125.3760054514904, 6.518390354031681 ], [ 125.372932534608793, 6.520016330988938 ], [ 125.369298501025, 6.520882216241319 ], [ 125.365587157221597, 6.525941624006805 ], [ 125.367932534259097, 6.531651259597993 ], [ 125.368734129676497, 6.540595757488291 ], [ 125.366666665634199, 6.541250461239827 ], [ 125.3660217267213, 6.540414687088173 ], [ 125.360362954087094, 6.539220838870676 ], [ 125.359195962323795, 6.537708795224773 ], [ 125.352231444225794, 6.535551405273168 ], [ 125.3483333319178, 6.537083795181047 ], [ 125.347665200388803, 6.533505100480056 ], [ 125.345294188176396, 6.529141086292157 ], [ 125.345678709504895, 6.522690077485152 ], [ 125.344200031606206, 6.521369276470978 ], [ 125.345393065037996, 6.514976861193247 ], [ 125.346284585465398, 6.512492730455222 ], [ 125.344557289987094, 6.510020399721725 ], [ 125.344826252030003, 6.505505018841575 ], [ 125.342893064863105, 6.500857395352568 ], [ 125.3421069323891, 6.498310195159434 ], [ 125.341224363813396, 6.495850478316982 ], [ 125.341288247154907, 6.494775444930895 ], [ 125.334772541120003, 6.489429172318523 ], [ 125.327893064713194, 6.488357395377534 ], [ 125.324999998750997, 6.486785129530176 ], [ 125.321772052238401, 6.488539279664053 ], [ 125.319508868739405, 6.487500461976765 ], [ 125.319695229851106, 6.484370171945955 ], [ 125.318454181615294, 6.475089573125331 ], [ 125.316619871310095, 6.471713921959974 ], [ 125.315440265655795, 6.466643528076418 ], [ 125.314559731346606, 6.46585739560237 ], [ 125.313629148866198, 6.461856337000427 ], [ 125.308150023005197, 6.460164442435143 ], [ 125.307059934967995, 6.459190728469366 ], [ 125.305516763088207, 6.455828098587915 ], [ 125.299586383504902, 6.454448296651606 ], [ 125.2953932683847, 6.452524062235739 ], [ 125.294606728517806, 6.451643527926535 ], [ 125.292321979275997, 6.45059494450112 ], [ 125.291273395850595, 6.448310194360033 ], [ 125.285255328770504, 6.447372695193792 ], [ 125.283057249892195, 6.442583469851286 ], [ 125.280833331693003, 6.442450819849512 ], [ 125.276841836481594, 6.442688856905249 ], [ 125.272779946837105, 6.441600803134634 ], [ 125.267700804348706, 6.441903537418341 ], [ 125.266226601476603, 6.439190728869107 ], [ 125.265140582871695, 6.435673883243169 ], [ 125.263661091086504, 6.434017796084447 ], [ 125.250393268834401, 6.434976860993402 ], [ 125.246273395401005, 6.438357395477453 ], [ 125.244559935092994, 6.439143527951501 ], [ 125.2437733952261, 6.440024062260704 ], [ 125.241226601526506, 6.440810194734752 ], [ 125.235201617760495, 6.442972059712815 ], [ 125.231972044374402, 6.440716200292457 ], [ 125.228205158441398, 6.440940809570748 ], [ 125.222456664043904, 6.439401096483437 ], [ 125.217675576666593, 6.440877740115639 ], [ 125.219344480963102, 6.447109429456646 ], [ 125.215393268184798, 6.449976861143284 ], [ 125.214606729217294, 6.45419072901899 ], [ 125.213676756477199, 6.455021620751268 ], [ 125.213775633338898, 6.456682183835767 ], [ 125.212893268909298, 6.459976861842733 ], [ 125.211969603114795, 6.465904189127059 ], [ 125.210344847436801, 6.471165419148804 ], [ 125.208726601951199, 6.474143527701699 ], [ 125.207196653702695, 6.477476861268201 ], [ 125.2045599349931, 6.476690728794154 ], [ 125.201742145883401, 6.473536838754171 ], [ 125.195644936664493, 6.473173475775354 ], [ 125.193773395326104, 6.474190728619305 ], [ 125.189453327409197, 6.474996799962412 ], [ 125.187188719383897, 6.477531386264502 ], [ 125.179319863720806, 6.477062636231722 ], [ 125.175280150458704, 6.479884494773671 ], [ 125.172368773400194, 6.480057834601439 ], [ 125.1681819652256, 6.478765110421534 ], [ 125.166735838288304, 6.472548883124489 ], [ 125.161226602225994, 6.471690728444401 ], [ 125.160440062359001, 6.470810195034517 ], [ 125.155393268484701, 6.47002406166115 ], [ 125.154606728617793, 6.468310194859669 ], [ 125.1519801830391, 6.46749924109713 ], [ 125.1504400625589, 6.464143527901513 ], [ 125.1495599356426, 6.462524062035868 ], [ 125.148773395775606, 6.458310195059482 ], [ 125.147893268859306, 6.456690728294518 ], [ 125.147106728992398, 6.454976861493037 ], [ 125.143002724995895, 6.454022271610597 ], [ 125.140393268334705, 6.451690728844085 ], [ 125.139606728467797, 6.449976861143284 ], [ 125.136965127338797, 6.446568251623546 ], [ 125.137212930132705, 6.44240809485774 ], [ 125.1337019840594, 6.436887668531142 ], [ 125.124815062565204, 6.436358290702628 ], [ 125.121581622993503, 6.439976861343098 ], [ 125.117893268559598, 6.439190728869107 ], [ 125.115468951730804, 6.437873183400768 ], [ 125.115317381791797, 6.440417128048068 ], [ 125.115540769790798, 6.444167128310369 ], [ 125.115349526259706, 6.447375543346709 ], [ 125.116226601776404, 6.44835739527764 ], [ 125.117599282880605, 6.44958379535592 ], [ 125.116226601776404, 6.450810194534881 ], [ 125.1146720363854, 6.454197239211283 ], [ 125.112916664972204, 6.454092665144401 ], [ 125.111227415312996, 6.454193169778989 ], [ 125.110440062459006, 6.451643527926535 ], [ 125.109559935542606, 6.450857395452488 ], [ 125.108062743301105, 6.449181370324027 ], [ 125.105270587567603, 6.448319553604563 ], [ 125.102229816053196, 6.444916232997798 ], [ 125.099006549612696, 6.446072646035816 ], [ 125.092311603298, 6.445673475650438 ], [ 125.088976235464997, 6.447486220212966 ], [ 125.086666665834102, 6.447917128572669 ], [ 125.087322182572706, 6.446090549739154 ], [ 125.086915689007895, 6.439272515913899 ], [ 125.089666543376296, 6.436814426844364 ], [ 125.089465127613593, 6.433432671980256 ], [ 125.092547402840395, 6.429455620780345 ], [ 125.090440061959399, 6.428310194759717 ], [ 125.086904295496893, 6.427218478949669 ], [ 125.085440062508994, 6.422476861018367 ], [ 125.084001260549798, 6.419829156190644 ], [ 125.082665403985303, 6.412671766788662 ], [ 125.0810449209864, 6.409689996196391 ], [ 125.081374103432196, 6.404167128210474 ], [ 125.081150714533905, 6.400417127948117 ], [ 125.081275633063996, 6.398320774084482 ], [ 125.079719644046406, 6.391038059658797 ], [ 125.079508869039202, 6.387500461277341 ], [ 125.079992471375505, 6.379385227346404 ], [ 125.078437295344997, 6.375051324259232 ], [ 125.077499998526207, 6.362083794631474 ], [ 125.082223306260602, 6.365810194884659 ], [ 125.0962259915364, 6.364977267986603 ], [ 125.108565672967501, 6.362328749272422 ], [ 125.113062539504696, 6.359884901866792 ], [ 125.117577309745101, 6.360154270403314 ], [ 125.120393268734503, 6.359143527751655 ], [ 125.123773395825694, 6.358357395277608 ], [ 125.126230263615895, 6.356641086816751 ], [ 125.127103677093004, 6.356693170153733 ], [ 125.131604816309306, 6.352999729154249 ], [ 125.1362733958007, 6.350857395652326 ], [ 125.137089639375404, 6.346484837005676 ], [ 125.140501910934503, 6.340623833822917 ], [ 125.145440062209204, 6.338357395677292 ], [ 125.147962442013196, 6.336595514071746 ], [ 125.150062865308996, 6.336720432601908 ], [ 125.154606728617793, 6.330857395152691 ], [ 125.155893349998195, 6.326690729093912 ], [ 125.163029376904305, 6.327733616213493 ], [ 125.167478026289899, 6.331181288685571 ], [ 125.169548745877904, 6.329331109842883 ], [ 125.169609576920493, 6.328311415339613 ], [ 125.165859577557498, 6.326590630952921 ], [ 125.163773395925602, 6.32331019460986 ], [ 125.159042153472697, 6.316812798771707 ], [ 125.162940062534005, 6.315024061611211 ], [ 125.163988645959293, 6.312739312369445 ], [ 125.166273395201102, 6.311690728944029 ], [ 125.168481443963501, 6.309219212096991 ], [ 125.169999998701101, 6.308750462064211 ], [ 125.170285236674403, 6.309766493628843 ], [ 125.171016030265605, 6.309035699138235 ], [ 125.169999998701101, 6.308750462064211 ], [ 125.169606728767604, 6.308310194459978 ], [ 125.167962238366698, 6.306840874906527 ], [ 125.166113076657197, 6.302812147762438 ], [ 125.160721434146893, 6.297994439991442 ], [ 125.158083698303997, 6.293140517420966 ], [ 125.156975706563699, 6.289552463475445 ], [ 125.150642088961305, 6.285865126174656 ], [ 125.1502115870951, 6.278644260824024 ], [ 125.151399941354299, 6.276457574557469 ], [ 125.146740314613893, 6.270444797289599 ], [ 125.144633990866097, 6.264574436660951 ], [ 125.147109373898502, 6.260019178942002 ], [ 125.146845498421001, 6.25559331657837 ], [ 125.147962237867105, 6.25316004789795 ], [ 125.150393268134906, 6.250988010688218 ], [ 125.148964435160593, 6.246123508493156 ], [ 125.147940062383995, 6.244976861193265 ], [ 125.143349607898102, 6.241396539618677 ], [ 125.140586953525101, 6.237441461554283 ], [ 125.140393268334705, 6.234190728919032 ], [ 125.139999998401294, 6.233750461314799 ], [ 125.140980834098301, 6.232652642705318 ], [ 125.147059935467695, 6.229976861942646 ], [ 125.150944823244998, 6.229073134117868 ], [ 125.152757974301196, 6.225122939372227 ], [ 125.154559935093005, 6.224143528201296 ], [ 125.156276243553904, 6.223356174447929 ], [ 125.156223956970095, 6.222481744736797 ], [ 125.157493691780502, 6.220145318651589 ], [ 125.153795571608399, 6.216840874906495 ], [ 125.1529400618344, 6.214976861792763 ], [ 125.152059934918199, 6.213357395027799 ], [ 125.150550128785397, 6.208467665950082 ], [ 125.147940062383995, 6.204731499958825 ], [ 125.148798012918107, 6.204090223984679 ], [ 125.157059935267895, 6.201643528426132 ], [ 125.160440062359001, 6.200857395052765 ], [ 125.161919350897406, 6.199201715286961 ], [ 125.163333332467403, 6.199117486582793 ], [ 125.164688719608804, 6.199198053247585 ], [ 125.168117063851497, 6.195361382621741 ], [ 125.174851887005104, 6.193281712081387 ], [ 125.177163491801807, 6.190694227656536 ], [ 125.182473753760803, 6.18825729783606 ], [ 125.185015664141702, 6.184260308666353 ], [ 125.188920694034906, 6.183054253950729 ], [ 125.196179605204605, 6.17493006816818 ], [ 125.197940062284204, 6.173357394927905 ], [ 125.200393268934306, 6.169976861343116 ], [ 125.207019855082294, 6.169090630728078 ], [ 125.209586790897802, 6.166796929634643 ], [ 125.210431110407498, 6.162274224675798 ], [ 125.2129498281721, 6.157639215077779 ], [ 125.212663369818799, 6.15283371380491 ], [ 125.214429319957205, 6.150857395152684 ], [ 125.217106728492794, 6.151643528526051 ], [ 125.218595986915403, 6.153310195309302 ], [ 125.222034910782597, 6.151230116476768 ], [ 125.222108153368595, 6.150000461751972 ], [ 125.222057087164899, 6.149144342237662 ], [ 125.225354613324797, 6.148126275507252 ], [ 125.225442707315096, 6.146645562442814 ], [ 125.222233478392397, 6.144604547461938 ], [ 125.222008462620494, 6.140826063871771 ], [ 125.223333332167599, 6.140417128647641 ], [ 125.225432534184193, 6.141651259298214 ], [ 125.226976724096602, 6.143317926081465 ], [ 125.229599201142307, 6.142516330664193 ], [ 125.230400796559607, 6.140817925906617 ], [ 125.232932534708794, 6.136682997822163 ], [ 125.233788857469904, 6.128635715765711 ], [ 125.236295571983106, 6.119069472478202 ], [ 125.236169228926897, 6.115878147258741 ], [ 125.238094887868897, 6.114093886024079 ], [ 125.237499998925799, 6.102083795330941 ], [ 125.238053384156402, 6.100970513778236 ], [ 125.238613279579198, 6.098197076533893 ], [ 125.239999999100803, 6.097917128372842 ], [ 125.240833331593095, 6.097917128372842 ] ] ] ] } }
]
}
